[{"model": "accounts.user", "pk": 2, "fields": {"password": "", "last_login": null, "is_superuser": false, "is_staff": false, "is_active": true, "date_joined": "2023-02-10T00:21:40.372Z", "username": "user without password", "login_type": "kakao", "sns_service_id": "2657679432", "nickname": "홍종혁", "email": "wlwhswhdgur@naver.com", "profile_image": "media/default.png", "introduce": "아직 자기소개가 없습니다.", "groups": [], "user_permissions": []}}, {"model": "accounts.user", "pk": 3, "fields": {"password": "pbkdf2_sha256$260000$2IAWSwoAMfaRdAaKGAHFHG$GBnigItXyb7h5rDfTrhs4Zop66pRuAusgPIAeDHFkUU=", "last_login": "2023-02-16T08:48:49.431Z", "is_superuser": true, "is_staff": true, "is_active": true, "date_joined": "2023-02-10T00:28:03Z", "username": "admin", "login_type": "1", "sns_service_id": "2", "nickname": "admin", "email": "admin@admin.com", "profile_image": "", "introduce": "자기소개!!!!!!1", "groups": [], "user_permissions": []}}, {"model": "accounts.user", "pk": 4, "fields": {"password": "pbkdf2_sha256$260000$GWeTlaqe1HCiKeFzjcQE9M$cKJcryF7doNOO14yXLjBTkBNdGu28pn4CJ/6FJAUfwA=", "last_login": "2023-02-13T00:54:42.970Z", "is_superuser": false, "is_staff": false, "is_active": true, "date_joined": "2023-02-10T04:04:02.117Z", "username": "", "login_type": "3", "sns_service_id": "3", "nickname": "test3", "email": "test3@gmail.com", "profile_image": "media/default.png", "introduce": "아직 자기소개가 없습니다.", "groups": [], "user_permissions": []}}, {"model": "accounts.user", "pk": 37, "fields": {"password": "pbkdf2_sha256$260000$92P5fGMTujrz631aPJYLp2$4v958xWQXkTPg6i5VLISYlTjJ5CmSDp94HOp/V9Mr4E=", "last_login": "2023-02-13T08:07:00.967Z", "is_superuser": false, "is_staff": false, "is_active": true, "date_joined": "2023-02-13T07:15:49.351Z", "username": "", "login_type": "t", "sns_service_id": "t", "nickname": "tttt", "email": "tttt@tttt.com", "profile_image": "media/profile_default.png", "introduce": "아직 자기소개가 없습니다.", "groups": [], "user_permissions": []}}, {"model": "accounts.user", "pk": 39, "fields": {"password": "pbkdf2_sha256$260000$dRc1LA5HGToiCgQ3mftEc1$asHBV8koavsi6Pzw5N4ATG8YIA7RgOuG0wMjpL9dIdk=", "last_login": "2023-02-16T08:20:08.756Z", "is_superuser": false, "is_staff": false, "is_active": true, "date_joined": "2023-02-13T07:29:21.175Z", "username": "", "login_type": "9", "sns_service_id": "9", "nickname": "test1", "email": "test1@gmail.com", "profile_image": "media/profile_default.png", "introduce": "아직 자기소개가 없습니다.", "groups": [], "user_permissions": []}}, {"model": "accounts.user", "pk": 40, "fields": {"password": "pbkdf2_sha256$260000$BPq7hubqvvpCGqA91YFBeT$gyKwqZmAtL8PMq9pSvQ05BklY6+zpupc9FgPWU/jz6Y=", "last_login": "2023-02-13T07:40:12.084Z", "is_superuser": false, "is_staff": false, "is_active": true, "date_joined": "2023-02-13T07:40:11.865Z", "username": "", "login_type": "8", "sns_service_id": "8", "nickname": "test2", "email": "test2@gamil.com", "profile_image": "media/profile_default.png", "introduce": "아직 자기소개가 없습니다.", "groups": [], "user_permissions": []}}, {"model": "accounts.user", "pk": 42, "fields": {"password": "pbkdf2_sha256$260000$WM6BNhYkHA36Fjm1k2SDi4$7YPXjiHDfVUSoJ8yS2tnGtDlcJJR7dLCFkpRBjsTOgY=", "last_login": "2023-02-16T08:45:31.131Z", "is_superuser": false, "is_staff": false, "is_active": true, "date_joined": "2023-02-14T06:30:32.808Z", "username": "", "login_type": "1", "sns_service_id": "2", "nickname": "ssafy", "email": "ssafy@ssafy.com", "profile_image": "media/profile_default.png", "introduce": "아직 자기소개가 없습니다.", "groups": [], "user_permissions": []}}, {"model": "accounts.user", "pk": 46, "fields": {"password": "pbkdf2_sha256$260000$C4rcdSHk2BBoP5GAk2PZ4n$vDg1rnkxAlDxB0yao7LVkoC+NYmYFeIrrfoN1Iv4ZPw=", "last_login": "2023-02-14T21:16:34.783Z", "is_superuser": false, "is_staff": false, "is_active": true, "date_joined": "2023-02-14T21:13:59.083Z", "username": "", "login_type": "o", "sns_service_id": "o", "nickname": "도라이버", "email": "magic9282m@test.com", "profile_image": "media/profile_default.png", "introduce": "아직 자기소개가 없습니다.", "groups": [], "user_permissions": []}}, {"model": "accounts.user", "pk": 67, "fields": {"password": "", "last_login": null, "is_superuser": false, "is_staff": false, "is_active": true, "date_joined": "2023-02-15T01:48:54.574Z", "username": "user without password", "login_type": "1", "sns_service_id": "1", "nickname": "이용훈", "email": "fishlittle2003@gmail.com", "profile_image": "media/profile_default.png", "introduce": "아직 자기소개가 없습니다.", "groups": [], "user_permissions": []}}, {"model": "accounts.user", "pk": 72, "fields": {"password": "", "last_login": null, "is_superuser": false, "is_staff": false, "is_active": true, "date_joined": "2023-02-15T06:12:27.513Z", "username": "user without password", "login_type": "kakao", "sns_service_id": "2658696104", "nickname": "박규영", "email": "magic9282m@gmail.com", "profile_image": "media/profile_default.png", "introduce": "아직 자기소개가 없습니다.", "groups": [], "user_permissions": []}}, {"model": "accounts.user", "pk": 73, "fields": {"password": "pbkdf2_sha256$260000$dnJDCftkovOZkdD99v1vy3$a2OXRCZ1qTVri3+nQz2obO+Sehi5FQkYpRJLjcaIOHw=", "last_login": "2023-02-15T08:58:58.344Z", "is_superuser": false, "is_staff": false, "is_active": true, "date_joined": "2023-02-15T08:58:23.816Z", "username": "", "login_type": "h", "sns_service_id": "h", "nickname": "hhh", "email": "hhhh@hhhh.com", "profile_image": "profile_default.png", "introduce": "아직 자기소개가 없습니다.", "groups": [], "user_permissions": []}}, {"model": "accounts.user", "pk": 77, "fields": {"password": "", "last_login": null, "is_superuser": false, "is_staff": false, "is_active": true, "date_joined": "2023-02-16T01:55:08.497Z", "username": "user without password", "login_type": "kakao", "sns_service_id": "2653435260", "nickname": "정재현", "email": "rubat0@naver.com", "profile_image": "profile/docker.png", "introduce": "ㅋ", "groups": [], "user_permissions": []}}, {"model": "accounts.user", "pk": 78, "fields": {"password": "", "last_login": null, "is_superuser": false, "is_staff": false, "is_active": true, "date_joined": "2023-02-16T03:43:58.396Z", "username": "user without password", "login_type": "naver", "sns_service_id": "ZGu5tdLrCYnb1OVvWnwZPjOLdZI-N4M7QdlwtIIGv2w", "nickname": "로드라이너", "email": "cloudsoswift@naver.com", "profile_image": "profile_default.png", "introduce": "아직 자기소개가 없습니다.", "groups": [], "user_permissions": []}}, {"model": "accounts.user", "pk": 79, "fields": {"password": "pbkdf2_sha256$260000$AXUddg6EsQpA1rumqkKCon$x2CJV1qg5B2lMMRepsEsV3DZsF4Wc3J9LiFhFuMlBkA=", "last_login": "2023-02-16T05:38:25.513Z", "is_superuser": false, "is_staff": false, "is_active": true, "date_joined": "2023-02-16T05:34:25.603Z", "username": "", "login_type": "t", "sns_service_id": "t", "nickname": "tttt1", "email": "qwer@qwer.com", "profile_image": "profile_default.png", "introduce": "아직 자기소개가 없습니다.", "groups": [], "user_permissions": []}}, {"model": "accounts.user", "pk": 80, "fields": {"password": "pbkdf2_sha256$260000$rBiJVGN1a8BCdmFsBQ3kKt$An4oNEYtiH+315BES6WWb2leK5Fv5doiBw9VhbQ4GV4=", "last_login": "2023-02-16T06:06:49.232Z", "is_superuser": false, "is_staff": false, "is_active": true, "date_joined": "2023-02-16T06:04:17.258Z", "username": "", "login_type": "dfa", "sns_service_id": "fasdf", "nickname": "t34t4t", "email": "test@test.com", "profile_image": "profile_default.png", "introduce": "아직 자기소개가 없습니다.", "groups": [], "user_permissions": []}}, {"model": "accounts.user", "pk": 81, "fields": {"password": "", "last_login": null, "is_superuser": false, "is_staff": false, "is_active": true, "date_joined": "2023-02-16T08:25:56.537Z", "username": "user without password", "login_type": "naver", "sns_service_id": "GNrRG9FIPOQPkaCwgyxXztYC2gfLg9aHqFC4FAFqDPI", "nickname": "ASDF", "email": "fishlittle@naver.com", "profile_image": "profile_default.png", "introduce": "아직 자기소개가 없습니다.", "groups": [], "user_permissions": []}}, {"model": "accounts.user", "pk": 82, "fields": {"password": "", "last_login": null, "is_superuser": false, "is_staff": false, "is_active": true, "date_joined": "2023-02-16T08:26:16.680Z", "username": "user without password", "login_type": "naver", "sns_service_id": "0NaNXfZzb6riTnFEw5PKb5qILagcoFXh4YUI3_Ip9nU", "nickname": "dre", "email": "dreamjh1111@naver.com", "profile_image": "profile_default.png", "introduce": "아직 자기소개가 없습니다.", "groups": [], "user_permissions": []}}, {"model": "roadmaps.track", "pk": 1, "fields": {"title": "웹 공통", "content": "-", "purpose": "-", "favorites": []}}, {"model": "roadmaps.track", "pk": 2, "fields": {"title": "Back-end", "content": "-", "purpose": "-", "favorites": [77]}}, {"model": "roadmaps.track", "pk": 3, "fields": {"title": "Front-end", "content": "-", "purpose": "-", "favorites": [77]}}, {"model": "roadmaps.node", "pk": 1, "fields": {"track": 1, "depth": 1, "order": 1, "isEssential": false, "isComplete": false, "title": "인터넷 네트워크가 무엇일까?", "content": "-", "purpose": "-", "parent": null, "completion": []}}, {"model": "roadmaps.node", "pk": 2, "fields": {"track": 1, "depth": 1, "order": 2, "isEssential": false, "isComplete": false, "title": "URI 와 URL 의 차이는?", "content": "-", "purpose": "-", "parent": null, "completion": []}}, {"model": "roadmaps.node", "pk": 3, "fields": {"track": 1, "depth": 1, "order": 3, "isEssential": false, "isComplete": false, "title": "HTTP 란 무엇일까?", "content": "-", "purpose": "-", "parent": null, "completion": []}}, {"model": "roadmaps.node", "pk": 4, "fields": {"track": 1, "depth": 1, "order": 4, "isEssential": false, "isComplete": false, "title": "400 Bad Request 는 왜 뜰까?", "content": "-", "purpose": "-", "parent": null, "completion": []}}, {"model": "roadmaps.node", "pk": 5, "fields": {"track": 1, "depth": 1, "order": 5, "isEssential": false, "isComplete": false, "title": "쿠키와 세션?", "content": "-", "purpose": "-", "parent": null, "completion": []}}, {"model": "roadmaps.node", "pk": 6, "fields": {"track": 1, "depth": 1, "order": 6, "isEssential": false, "isComplete": false, "title": "컴퓨터에게 어떻게 명령을 내릴까?", "content": "-", "purpose": "-", "parent": null, "completion": []}}, {"model": "roadmaps.node", "pk": 7, "fields": {"track": 2, "depth": 1, "order": 1, "isEssential": false, "isComplete": false, "title": "웹페이지는 어떻게 만들지?", "content": "-", "purpose": "-", "parent": null, "completion": []}}, {"model": "roadmaps.node", "pk": 8, "fields": {"track": 2, "depth": 1, "order": 2, "isEssential": false, "isComplete": false, "title": "데이터는 어떻게 저장할까?", "content": "-", "purpose": "-", "parent": null, "completion": []}}, {"model": "roadmaps.node", "pk": 9, "fields": {"track": 2, "depth": 1, "order": 3, "isEssential": false, "isComplete": false, "title": "관계형, NoSQL 데이터 베이스?", "content": "-", "purpose": "-", "parent": null, "completion": []}}, {"model": "roadmaps.node", "pk": 10, "fields": {"track": 2, "depth": 1, "order": 4, "isEssential": false, "isComplete": false, "title": "데이터베이스를 더 알아보고 싶어", "content": "-", "purpose": "-", "parent": null, "completion": []}}, {"model": "roadmaps.node", "pk": 11, "fields": {"track": 2, "depth": 1, "order": 5, "isEssential": false, "isComplete": false, "title": "API 가 대체 뭐야?", "content": "-", "purpose": "-", "parent": null, "completion": []}}, {"model": "roadmaps.node", "pk": 12, "fields": {"track": 2, "depth": 1, "order": 6, "isEssential": false, "isComplete": false, "title": "백엔드가 무엇이지?", "content": "-", "purpose": "-", "parent": null, "completion": []}}, {"model": "roadmaps.node", "pk": 13, "fields": {"track": 2, "depth": 1, "order": 7, "isEssential": false, "isComplete": false, "title": "프론트엔드가 무엇이지?", "content": "-", "purpose": "-", "parent": null, "completion": []}}, {"model": "roadmaps.node", "pk": 14, "fields": {"track": 2, "depth": 1, "order": 8, "isEssential": false, "isComplete": false, "title": "어플을 만들어보고 싶어!", "content": "-", "purpose": "-", "parent": null, "completion": []}}, {"model": "roadmaps.node", "pk": 15, "fields": {"track": 2, "depth": 1, "order": 9, "isEssential": false, "isComplete": false, "title": "만든 어플을 다른 사람도 써보게 하고 싶어", "content": "-", "purpose": "-", "parent": null, "completion": []}}, {"model": "roadmaps.node", "pk": 16, "fields": {"track": 3, "depth": 1, "order": 1, "isEssential": false, "isComplete": false, "title": "웹페이지는 어떻게 만들지?", "content": "-", "purpose": "-", "parent": null, "completion": []}}, {"model": "roadmaps.node", "pk": 17, "fields": {"track": 3, "depth": 1, "order": 2, "isEssential": false, "isComplete": false, "title": "데이터를 어떻게 받아올까?", "content": "-", "purpose": "-", "parent": null, "completion": []}}, {"model": "roadmaps.node", "pk": 18, "fields": {"track": 3, "depth": 1, "order": 3, "isEssential": false, "isComplete": false, "title": "웹페이지를 어떻게 더 잘 만들까?", "content": "-", "purpose": "-", "parent": null, "completion": []}}, {"model": "roadmaps.node", "pk": 19, "fields": {"track": 3, "depth": 1, "order": 4, "isEssential": false, "isComplete": false, "title": "웹페이지를 어떻게 더 이쁘게 만들까?", "content": "-", "purpose": "-", "parent": null, "completion": []}}, {"model": "roadmaps.node", "pk": 20, "fields": {"track": 3, "depth": 1, "order": 5, "isEssential": false, "isComplete": false, "title": "인증과 인가?", "content": "-", "purpose": "-", "parent": null, "completion": []}}, {"model": "roadmaps.node", "pk": 21, "fields": {"track": 1, "depth": 2, "order": 1, "isEssential": false, "isComplete": false, "title": "통신", "content": "IT와 ICT\r\n\r\nIT(Information Technology) : '정보 기술'의 약자입니다. \r\nICT(Information Communication Technology) : '정보 통신 기술'의 약자로 IT와 비슷한 뜻을 가진 용어이지만\r\nCommunication, 통신의 의미도 포함되어 있습니다. \r\n통신의 세 가지 요소 \r\n\r\n1. 정보원\r\n\r\n통신을 할 때, 정보를 전달하고자 하는 송신자와 그 정보를 받는 수신자가 필요합니다.\r\n이러한 송.수신자를 정보원이라 칭합니다. \r\n2. 통신 매체\r\n\r\n송신자와 수신자가 통신을 할 때, 그 둘 사이를 이어주는 매체를 뜻합니다. \r\n3. 프로토콜\r\n\r\n송신자와 수신자가 서로의 정보를 이해할 수 있는 적절한 규칙와 형식을 뜻합니다.", "purpose": "우리 모두 매일같이 휴대 전화로 사람들과 전화 통화를 하거나, 컴퓨터를 통해 인터넷에 접속을 합니다.\r\n\r\n이런 것을 \"통신한다\"고 하지요. 그렇다면 그 통신은 정확히 무엇일까요? 어떻게 작동하는걸까요?\r\n\r\n지금부터 통신에 대한 의미를 이해하고 더 나아가 통신의 목적,\r\n\r\n그리고 통신을 할 수 있도록 해주는 세 가지 요소를 알아보도록 합시다. \r\n\r\n또, 주변에서 흔히 듣는 IT가 무엇의 약자인지, 어떤 뜻을 가지고 있는지 같이 살펴봅시다.", "parent": 1, "completion": [2, 3, 4, 37, 39, 40, 42, 46, 67, 72, 73, 77, 78, 79, 80, 81, 82]}}, {"model": "roadmaps.node", "pk": 22, "fields": {"track": 1, "depth": 2, "order": 2, "isEssential": false, "isComplete": false, "title": "IP", "content": "-", "purpose": "-", "parent": 1, "completion": []}}, {"model": "roadmaps.node", "pk": 23, "fields": {"track": 1, "depth": 2, "order": 3, "isEssential": false, "isComplete": false, "title": "TCP&UDP", "content": "-", "purpose": "-", "parent": 1, "completion": [77]}}, {"model": "roadmaps.node", "pk": 24, "fields": {"track": 1, "depth": 2, "order": 4, "isEssential": false, "isComplete": false, "title": "PORT", "content": "-", "purpose": "-", "parent": 1, "completion": [3]}}, {"model": "roadmaps.node", "pk": 25, "fields": {"track": 1, "depth": 2, "order": 5, "isEssential": false, "isComplete": false, "title": "DNS", "content": "-", "purpose": "-", "parent": 1, "completion": [77]}}, {"model": "roadmaps.node", "pk": 26, "fields": {"track": 1, "depth": 2, "order": 1, "isEssential": false, "isComplete": false, "title": "URI", "content": "-", "purpose": "-", "parent": 2, "completion": []}}, {"model": "roadmaps.node", "pk": 27, "fields": {"track": 1, "depth": 2, "order": 2, "isEssential": false, "isComplete": false, "title": "URL", "content": "-", "purpose": "-", "parent": 2, "completion": [77]}}, {"model": "roadmaps.node", "pk": 28, "fields": {"track": 1, "depth": 2, "order": 1, "isEssential": false, "isComplete": false, "title": "HTTP", "content": "-", "purpose": "-", "parent": 3, "completion": []}}, {"model": "roadmaps.node", "pk": 29, "fields": {"track": 3, "depth": 2, "order": 1, "isEssential": false, "isComplete": false, "title": "html", "content": "-", "purpose": "-", "parent": 16, "completion": []}}, {"model": "roadmaps.node", "pk": 30, "fields": {"track": 3, "depth": 2, "order": 2, "isEssential": false, "isComplete": false, "title": "css", "content": "-", "purpose": "-", "parent": 16, "completion": []}}, {"model": "roadmaps.node", "pk": 31, "fields": {"track": 1, "depth": 2, "order": 2, "isEssential": false, "isComplete": false, "title": "클라이언트 서버 구조", "content": "-", "purpose": "-", "parent": 3, "completion": []}}, {"model": "roadmaps.node", "pk": 32, "fields": {"track": 1, "depth": 2, "order": 4, "isEssential": false, "isComplete": false, "title": "HTTP 메서드", "content": "-", "purpose": "-", "parent": 3, "completion": []}}, {"model": "roadmaps.node", "pk": 33, "fields": {"track": 3, "depth": 2, "order": 3, "isEssential": false, "isComplete": false, "title": "javascript", "content": "-", "purpose": "-", "parent": 16, "completion": []}}, {"model": "roadmaps.node", "pk": 34, "fields": {"track": 1, "depth": 2, "order": 1, "isEssential": false, "isComplete": false, "title": "CRUD", "content": "-", "purpose": "-", "parent": 4, "completion": [3]}}, {"model": "roadmaps.node", "pk": 35, "fields": {"track": 3, "depth": 2, "order": 1, "isEssential": false, "isComplete": false, "title": "REST API", "content": "-", "purpose": "-", "parent": 17, "completion": []}}, {"model": "roadmaps.node", "pk": 36, "fields": {"track": 2, "depth": 2, "order": 2, "isEssential": false, "isComplete": false, "title": "css", "content": "-", "purpose": "-", "parent": 7, "completion": []}}, {"model": "roadmaps.node", "pk": 37, "fields": {"track": 1, "depth": 2, "order": 1, "isEssential": false, "isComplete": false, "title": "쿠키", "content": "-", "purpose": "-", "parent": 5, "completion": []}}, {"model": "roadmaps.node", "pk": 38, "fields": {"track": 3, "depth": 2, "order": 2, "isEssential": false, "isComplete": false, "title": "JSON", "content": "-", "purpose": "-", "parent": 17, "completion": []}}, {"model": "roadmaps.node", "pk": 39, "fields": {"track": 3, "depth": 2, "order": 2, "isEssential": false, "isComplete": false, "title": "JSON", "content": "-", "purpose": "-", "parent": 17, "completion": []}}, {"model": "roadmaps.node", "pk": 40, "fields": {"track": 1, "depth": 2, "order": 2, "isEssential": false, "isComplete": false, "title": "세션", "content": "-", "purpose": "-", "parent": 5, "completion": []}}, {"model": "roadmaps.node", "pk": 44, "fields": {"track": 1, "depth": 2, "order": 1, "isEssential": false, "isComplete": false, "title": "JAVA", "content": "-", "purpose": "-", "parent": 6, "completion": []}}, {"model": "roadmaps.node", "pk": 45, "fields": {"track": 3, "depth": 2, "order": 3, "isEssential": false, "isComplete": false, "title": "Axios", "content": "-", "purpose": "-", "parent": 17, "completion": []}}, {"model": "roadmaps.node", "pk": 46, "fields": {"track": 3, "depth": 2, "order": 3, "isEssential": false, "isComplete": false, "title": "Axios", "content": "-", "purpose": "-", "parent": 17, "completion": []}}, {"model": "roadmaps.node", "pk": 47, "fields": {"track": 1, "depth": 2, "order": 2, "isEssential": false, "isComplete": false, "title": "Python", "content": "-", "purpose": "-", "parent": 6, "completion": []}}, {"model": "roadmaps.node", "pk": 48, "fields": {"track": 2, "depth": 2, "order": 1, "isEssential": false, "isComplete": false, "title": "html", "content": "-", "purpose": "-", "parent": 7, "completion": []}}, {"model": "roadmaps.node", "pk": 49, "fields": {"track": 1, "depth": 2, "order": 3, "isEssential": false, "isComplete": false, "title": "Javascript", "content": "-", "purpose": "-", "parent": 6, "completion": []}}, {"model": "roadmaps.node", "pk": 50, "fields": {"track": 3, "depth": 2, "order": 4, "isEssential": false, "isComplete": false, "title": "Request&Response", "content": "-", "purpose": "-", "parent": 17, "completion": []}}, {"model": "roadmaps.node", "pk": 51, "fields": {"track": 1, "depth": 2, "order": 4, "isEssential": false, "isComplete": false, "title": "C#", "content": "-", "purpose": "-", "parent": 6, "completion": []}}, {"model": "roadmaps.node", "pk": 52, "fields": {"track": 2, "depth": 2, "order": 3, "isEssential": false, "isComplete": false, "title": "javascript", "content": "-", "purpose": "-", "parent": 7, "completion": []}}, {"model": "roadmaps.node", "pk": 53, "fields": {"track": 3, "depth": 2, "order": 1, "isEssential": false, "isComplete": false, "title": "Vue", "content": "-", "purpose": "-", "parent": 18, "completion": []}}, {"model": "roadmaps.node", "pk": 54, "fields": {"track": 3, "depth": 2, "order": 2, "isEssential": false, "isComplete": false, "title": "React", "content": "-", "purpose": "-", "parent": 18, "completion": []}}, {"model": "roadmaps.node", "pk": 55, "fields": {"track": 2, "depth": 2, "order": 1, "isEssential": false, "isComplete": false, "title": "관계형 데이터베이스", "content": "-", "purpose": "-", "parent": 8, "completion": []}}, {"model": "roadmaps.node", "pk": 56, "fields": {"track": 2, "depth": 2, "order": 2, "isEssential": false, "isComplete": false, "title": "NoSQL 데이터베이스", "content": "-", "purpose": "-", "parent": 8, "completion": [77]}}, {"model": "roadmaps.node", "pk": 57, "fields": {"track": 3, "depth": 2, "order": 1, "isEssential": false, "isComplete": false, "title": "tailwind", "content": "-", "purpose": "-", "parent": 19, "completion": []}}, {"model": "roadmaps.node", "pk": 58, "fields": {"track": 3, "depth": 2, "order": 1, "isEssential": false, "isComplete": false, "title": "인증", "content": "-", "purpose": "-", "parent": 20, "completion": []}}, {"model": "roadmaps.node", "pk": 59, "fields": {"track": 2, "depth": 2, "order": 1, "isEssential": false, "isComplete": false, "title": "MySQL", "content": "-", "purpose": "-", "parent": 9, "completion": [77]}}, {"model": "roadmaps.node", "pk": 60, "fields": {"track": 2, "depth": 2, "order": 2, "isEssential": false, "isComplete": false, "title": "MariaDB", "content": "-", "purpose": "-", "parent": 9, "completion": []}}, {"model": "roadmaps.node", "pk": 61, "fields": {"track": 2, "depth": 2, "order": 3, "isEssential": false, "isComplete": false, "title": "MongoDB", "content": "-", "purpose": "-", "parent": 9, "completion": []}}, {"model": "roadmaps.node", "pk": 62, "fields": {"track": 2, "depth": 2, "order": 1, "isEssential": false, "isComplete": false, "title": "ORM", "content": "-", "purpose": "-", "parent": 10, "completion": []}}, {"model": "roadmaps.node", "pk": 63, "fields": {"track": 3, "depth": 2, "order": 2, "isEssential": false, "isComplete": false, "title": "인가", "content": "-", "purpose": "-", "parent": 20, "completion": []}}, {"model": "roadmaps.node", "pk": 64, "fields": {"track": 2, "depth": 2, "order": 2, "isEssential": false, "isComplete": false, "title": "ACID", "content": "-", "purpose": "-", "parent": 10, "completion": []}}, {"model": "roadmaps.node", "pk": 65, "fields": {"track": 3, "depth": 2, "order": 3, "isEssential": false, "isComplete": false, "title": "Session & Cookie 인증", "content": "-", "purpose": "-", "parent": 20, "completion": []}}, {"model": "roadmaps.node", "pk": 66, "fields": {"track": 2, "depth": 2, "order": 3, "isEssential": false, "isComplete": false, "title": "트랜잭션", "content": "-", "purpose": "-", "parent": 10, "completion": []}}, {"model": "roadmaps.node", "pk": 67, "fields": {"track": 2, "depth": 2, "order": 4, "isEssential": false, "isComplete": false, "title": "정규화", "content": "-", "purpose": "-", "parent": 10, "completion": []}}, {"model": "roadmaps.node", "pk": 68, "fields": {"track": 2, "depth": 2, "order": 5, "isEssential": false, "isComplete": false, "title": "반정규화", "content": "-", "purpose": "-", "parent": 10, "completion": []}}, {"model": "roadmaps.node", "pk": 69, "fields": {"track": 3, "depth": 2, "order": 4, "isEssential": false, "isComplete": false, "title": "JWT", "content": "-", "purpose": "-", "parent": 20, "completion": []}}, {"model": "roadmaps.node", "pk": 70, "fields": {"track": 3, "depth": 2, "order": 5, "isEssential": false, "isComplete": false, "title": "CORS", "content": "-", "purpose": "-", "parent": 20, "completion": []}}, {"model": "roadmaps.node", "pk": 72, "fields": {"track": 2, "depth": 2, "order": 1, "isEssential": false, "isComplete": false, "title": "REST API", "content": "-", "purpose": "-", "parent": 11, "completion": []}}, {"model": "roadmaps.node", "pk": 73, "fields": {"track": 2, "depth": 2, "order": 2, "isEssential": false, "isComplete": false, "title": "JSON", "content": "-", "purpose": "-", "parent": 11, "completion": []}}, {"model": "roadmaps.node", "pk": 74, "fields": {"track": 2, "depth": 2, "order": 3, "isEssential": false, "isComplete": false, "title": "인증", "content": "-", "purpose": "-", "parent": 11, "completion": []}}, {"model": "roadmaps.node", "pk": 75, "fields": {"track": 2, "depth": 2, "order": 4, "isEssential": false, "isComplete": false, "title": "CORS", "content": "-", "purpose": "-", "parent": 11, "completion": []}}, {"model": "roadmaps.node", "pk": 76, "fields": {"track": 2, "depth": 2, "order": 5, "isEssential": false, "isComplete": false, "title": "JWT", "content": "-", "purpose": "-", "parent": 11, "completion": []}}, {"model": "roadmaps.node", "pk": 77, "fields": {"track": 2, "depth": 2, "order": 1, "isEssential": false, "isComplete": false, "title": "Django", "content": "-", "purpose": "-", "parent": 12, "completion": []}}, {"model": "roadmaps.node", "pk": 78, "fields": {"track": 2, "depth": 2, "order": 2, "isEssential": false, "isComplete": false, "title": "Spring", "content": "-", "purpose": "-", "parent": 12, "completion": []}}, {"model": "roadmaps.node", "pk": 79, "fields": {"track": 2, "depth": 2, "order": 3, "isEssential": false, "isComplete": false, "title": "Nodejs", "content": "-", "purpose": "-", "parent": 12, "completion": []}}, {"model": "roadmaps.node", "pk": 80, "fields": {"track": 2, "depth": 2, "order": 1, "isEssential": false, "isComplete": false, "title": "Vue", "content": "-", "purpose": "-", "parent": 13, "completion": []}}, {"model": "roadmaps.node", "pk": 81, "fields": {"track": 2, "depth": 2, "order": 2, "isEssential": false, "isComplete": false, "title": "React", "content": "-", "purpose": "-", "parent": 13, "completion": []}}, {"model": "roadmaps.node", "pk": 82, "fields": {"track": 2, "depth": 2, "order": 1, "isEssential": false, "isComplete": false, "title": "백엔드", "content": "-", "purpose": "-", "parent": 14, "completion": []}}, {"model": "roadmaps.node", "pk": 83, "fields": {"track": 2, "depth": 2, "order": 2, "isEssential": false, "isComplete": false, "title": "프론트엔드", "content": "-", "purpose": "-", "parent": 14, "completion": []}}, {"model": "roadmaps.node", "pk": 84, "fields": {"track": 2, "depth": 2, "order": 1, "isEssential": false, "isComplete": false, "title": "AWS", "content": "-", "purpose": "-", "parent": 15, "completion": []}}, {"model": "roadmaps.node", "pk": 85, "fields": {"track": 2, "depth": 2, "order": 2, "isEssential": false, "isComplete": false, "title": "Nginx", "content": "-", "purpose": "-", "parent": 15, "completion": []}}, {"model": "roadmaps.node", "pk": 86, "fields": {"track": 2, "depth": 2, "order": 3, "isEssential": false, "isComplete": false, "title": "Apache", "content": "-", "purpose": "-", "parent": 15, "completion": []}}, {"model": "roadmaps.recommendcontent", "pk": 1, "fields": {"node": 22, "title": "[10분 테코톡] 수리의 TCP/IP", "url": "https://www.youtube.com/watch?v=BEK354TRgZ8", "img_url": "https://img.youtube.com/vi/BEK354TRgZ8/0.jpg", "created_at": "2023-02-10T03:33:54.567Z", "updated_at": "2023-02-10T03:55:25.706Z"}}, {"model": "roadmaps.recommendcontent", "pk": 2, "fields": {"node": 28, "title": "모든 개발자를 위한 HTTP 웹 기본 지식", "url": "https://www.inflearn.com/course/http-%EC%9B%B9-%EB%84%A4%ED%8A%B8%EC%9B%8C%ED%81%AC", "img_url": "https://cdn.inflearn.com/public/courses/326277/cover/52d4f143-b470-4109-96cb-a0b146fb42ed/http.png", "created_at": "2023-02-10T03:36:30.674Z", "updated_at": "2023-02-10T03:56:20.723Z"}}, {"model": "roadmaps.recommendcontent", "pk": 3, "fields": {"node": 25, "title": "DNS란 무엇입니까?", "url": "https://aws.amazon.com/ko/route53/what-is-dns/", "img_url": "https://d1.awsstatic.com/Route53/Capture.397970bba958a3f78de55c7ff5c5cdc0d902707e.JPG", "created_at": "2023-02-10T03:48:43.670Z", "updated_at": "2023-02-10T03:48:43.670Z"}}, {"model": "roadmaps.recommendcontent", "pk": 4, "fields": {"node": 21, "title": "[따라學IT] 11. www(웹)를 이용할 때는 이렇게 데이터를 주고받는다 - HTTP 프로토콜이란?", "url": "https://youtu.be/TwsQX1AnWJU", "img_url": "https://img.youtube.com/vi/TwsQX1AnWJU/0.jpg", "created_at": "2023-02-13T04:49:40.011Z", "updated_at": "2023-02-13T04:49:40.011Z"}}, {"model": "roadmaps.recommendcontent", "pk": 5, "fields": {"node": 21, "title": "[유니티] HTTP 서버통신 및 API 사용방법", "url": "https://youtu.be/GxCf1SsLVB4", "img_url": "https://img.youtube.com/vi/GxCf1SsLVB4/0.jpg", "created_at": "2023-02-13T04:57:07.393Z", "updated_at": "2023-02-13T04:57:07.393Z"}}, {"model": "roadmaps.recommendcontent", "pk": 6, "fields": {"node": 21, "title": "오늘의 테크용어 : 웹소켓이 뭐냐면", "url": "https://youtu.be/yXPCg5eupGM", "img_url": "https://img.youtube.com/vi/yXPCg5eupGM/0.jpg", "created_at": "2023-02-13T05:01:36.280Z", "updated_at": "2023-02-13T05:01:36.280Z"}}, {"model": "roadmaps.interview", "pk": 1, "fields": {"node": 21, "interviewee": "삼성임직원", "content": "취준생을 앞둔 멘토링을 하다보면, 많이 나오는 질문들이 있습니다.\r\n\r\n\"멘토님 전 Back-End개발자가 하고 싶어요.\"\r\n그 질문을 들을 때마다 나는 제대로 알고 물어보는 걸까... 그냥 Server 개발자가 되고 싶은거 아닐까? 하는 생각이....\r\n\r\n취준생들의 머릿속을 보면 아래 일 것 같습니다.\r\n\r\n\r\nFront-End : 사용자 눈에 보이는 부분 개발 = UX변경에 따른 어려움 존재 = 야근이 많음\r\nBack-End : 사용자 눈에 보이지 않는 부분 개발 = UX 변경과 관련 없음, 초반에 설계 잘해야 함 = 야근이 적음\r\n\r\n아마 이렇게 선배들에게 듣고 커온 부분이 작용하지 않나 싶습니다.\r\n\r\n그러나, SW 를 개발함에 있어서 Front-End냐 Back-End냐는 개인적으로는 중요하지 않습니다.\r\n이 내용에 대해서는 향후 시간이 되면 칼럼으로 남길게요. (댓글 반응 보구요.)\r\n\r\n오늘은 내가 아는 개발 분야는 이것이 끝일까 입니다.\r\n\r\n실제로 SW의 범위를 보면 방대합니다. HW를 구동하는 프로그램이 SW라고 말할 수 있습니다.\r\nHW는 키보드, 마우스, HardDisk, Ram, AP 등등 다양하죠.\r\n만약 HW를 기준으로 보면 아래 그림과 같을 겁니다.\r\n\r\n\r\n멘티분들이 아는건, 위에 보이는 Application 영역입니다.\r\n그러나 위 그림에서 보시듯, O.S 부분도 있고, 현업에서는 Hardware와 O.S 전에 연결하는 부분도 SW라고 말합니다.\r\n이는 이분야에 전문 개발자들이 존재한다는 겁니다.\r\n\r\n하나하나 분야별로 깊게 아는것 또한 중요하지만, 전체 그림을 알고 어떤 프로그램을 개발하게 되면, 구조 설계를 할때 많은 도움이 됩니다.\r\n\r\n예컨데, 컴퓨터 구조에서 read보다 write가 시간이 더 오래 걸린다는 이야기처럼 위의 구조를 알면 어떤 접근이 시간이 오래 걸리고, 해당 접근은 무조건 single thread관리로 이루어져야 하며, 어떤 API는 multi로 한번에 최대 N개 Thread가 효율적인지 등 알게 됩니다.\r\n\r\n이는 단순 우리가 아는 개발자가 아닌 창의적으로 무에서 유를 만들어 낼 수 있는 개발자가 될 것이라 생각됩니다.\r\n\r\n또한 처음에 보여드린 그림처럼 FrontEnd/BackEnd만 있는 것이 아니라, 그 분야에서 보이지 않는 DevOps도 존재합니다.\r\n이는 현재 여러분들에게 설명을 해주어도 감이 잘 안오실거고 경험할 수 있는 기회도 드믈 겁니다.\r\n\r\n결론적으로는 여러분들이 어떤 분야의 개발자가 되고 싶다! 보다는 어떤 가치관을 가진 개발자가 되겠다. 라는 목표를 세우는게 여러분의 울타리를 넓히는 방법인 것 같습니다.\r\n\r\n참고로 너의 가치관은 삼성이라는 울타리 안에 있는 개발자이지만, 사람들이 많이 퇴사하는 이유는 삼성이기에 제약이 많아서 해볼 수가 없다 라고 합니다. (이는 좀 많은 비공식적 이야기가 있어 글로 남길수가 없습니다.)\r\n이에 저의 가치관은 \"퇴사하지 않아도 되는 트렌디한 개발자\"입니다.\r\n트렌디에는 끊임없는 학습이 기반이 될거고, 또한 그러기 위해서는 기본이 탄탄해야 하기에 끊임없는 기본개발이 필요합니다.\r\n또한 삼성이라는 대기업임에도 큰 조직의 시스템은 따라가되, 언제든 새로운걸 적용 할수 있도록 연구 및 학습해서 필요한 부분은 시스템화 할 수 있도록 하려고 합니다.\r\n\r\n이처럼 여러분들도 저보다 더 나은, 더 멋있는 개발자가 되리라 생각됩니다.\r\n\r\n화이팅입니다.", "created_at": "2023-02-10T04:10:35.313Z", "updated_at": "2023-02-10T04:10:35.313Z"}}, {"model": "roadmaps.interview", "pk": 2, "fields": {"node": 21, "interviewee": "전문가 1", "content": "TCP/IP가 현재 주류 통신 프로토콜이므로, 배우시고, 덤으로 OSI 7 Layer 개념도 익히세요. 두번 익히세요.", "created_at": "2023-02-13T04:52:53.943Z", "updated_at": "2023-02-13T04:52:53.943Z"}}, {"model": "roadmaps.interview", "pk": 3, "fields": {"node": 21, "interviewee": "여기전자 현직자 김저기", "content": "“게임을 하는 것에만 만족하지 마세요. 이제 누구나 게임을 만들 수 있습니다.” 미국의 버락 오바마 전 대통령은 코딩 교육을 의무화해야 한다며 모든 아이들이 어려서부터 코딩을 배울 수 있도록 ‘일주일에 1시간 코딩하기’라는 ‘아워 오브 코드(Hour of Code)’라는 캠페인을 진행했다. 또한 애플의 창업자인 고 스티브 잡스는 “모든 국민은 코딩을 배워야 합니다. 코딩은 생각하는 방법을 가르쳐주기 때문입니다”라고 생전에 강조해왔다.", "created_at": "2023-02-13T04:54:13.391Z", "updated_at": "2023-02-13T04:54:13.391Z"}}, {"model": "roadmaps.review", "pk": 1, "fields": {"user": 77, "node": 21, "content": "CORS 에러를 맞이해본 1인으로서\n통신 ... 잘 알아야한다고 생각합니다 ㅎㅎ!", "importance": 5, "difficulty": 3, "created_at": "2023-02-16T08:45:47.033Z", "updated_at": "2023-02-16T08:45:47.033Z", "like_users": []}}, {"model": "blogs.tag", "pk": 1, "fields": {"tag": "통신"}}, {"model": "blogs.tag", "pk": 2, "fields": {"tag": "IP"}}, {"model": "blogs.tag", "pk": 3, "fields": {"tag": "TCP&UDP"}}, {"model": "blogs.tag", "pk": 4, "fields": {"tag": "PORT"}}, {"model": "blogs.tag", "pk": 5, "fields": {"tag": "DNS"}}, {"model": "blogs.tag", "pk": 6, "fields": {"tag": "URI"}}, {"model": "blogs.tag", "pk": 7, "fields": {"tag": "URL"}}, {"model": "blogs.tag", "pk": 8, "fields": {"tag": "HTTP"}}, {"model": "blogs.tag", "pk": 9, "fields": {"tag": "클라이언트 서버 구조"}}, {"model": "blogs.tag", "pk": 10, "fields": {"tag": "Stateless"}}, {"model": "blogs.tag", "pk": 11, "fields": {"tag": "HTTP 메서드"}}, {"model": "blogs.tag", "pk": 12, "fields": {"tag": "CREATE"}}, {"model": "blogs.tag", "pk": 13, "fields": {"tag": "READ"}}, {"model": "blogs.tag", "pk": 14, "fields": {"tag": "POST"}}, {"model": "blogs.tag", "pk": 15, "fields": {"tag": "PUT"}}, {"model": "blogs.tag", "pk": 16, "fields": {"tag": "CRUD"}}, {"model": "blogs.tag", "pk": 17, "fields": {"tag": "쿠키"}}, {"model": "blogs.tag", "pk": 18, "fields": {"tag": "세션"}}, {"model": "blogs.tag", "pk": 19, "fields": {"tag": "JAVA"}}, {"model": "blogs.tag", "pk": 20, "fields": {"tag": "Python"}}, {"model": "blogs.tag", "pk": 21, "fields": {"tag": "Javascript"}}, {"model": "blogs.tag", "pk": 22, "fields": {"tag": "C#"}}, {"model": "blogs.tag", "pk": 23, "fields": {"tag": "css"}}, {"model": "blogs.tag", "pk": 24, "fields": {"tag": "html"}}, {"model": "blogs.tag", "pk": 25, "fields": {"tag": "html"}}, {"model": "blogs.tag", "pk": 26, "fields": {"tag": "Javascript"}}, {"model": "blogs.tag", "pk": 27, "fields": {"tag": "관계형 데이터베이스"}}, {"model": "blogs.tag", "pk": 28, "fields": {"tag": "NoSQL 데이터베이스"}}, {"model": "blogs.tag", "pk": 29, "fields": {"tag": "MySQL"}}, {"model": "blogs.tag", "pk": 30, "fields": {"tag": "MariaDB"}}, {"model": "blogs.tag", "pk": 31, "fields": {"tag": "MongoDB"}}, {"model": "blogs.tag", "pk": 32, "fields": {"tag": "ORM"}}, {"model": "blogs.tag", "pk": 33, "fields": {"tag": "ACID"}}, {"model": "blogs.tag", "pk": 34, "fields": {"tag": "트랜잭션"}}, {"model": "blogs.tag", "pk": 35, "fields": {"tag": "정규화"}}, {"model": "blogs.tag", "pk": 36, "fields": {"tag": "반정규화"}}, {"model": "blogs.tag", "pk": 37, "fields": {"tag": "REST API"}}, {"model": "blogs.tag", "pk": 38, "fields": {"tag": "JSON"}}, {"model": "blogs.tag", "pk": 39, "fields": {"tag": "인증"}}, {"model": "blogs.tag", "pk": 40, "fields": {"tag": "CORS"}}, {"model": "blogs.tag", "pk": 41, "fields": {"tag": "JWT"}}, {"model": "blogs.tag", "pk": 42, "fields": {"tag": "Django"}}, {"model": "blogs.tag", "pk": 43, "fields": {"tag": "Spring"}}, {"model": "blogs.tag", "pk": 44, "fields": {"tag": "NodeJs"}}, {"model": "blogs.tag", "pk": 45, "fields": {"tag": "Vue"}}, {"model": "blogs.tag", "pk": 46, "fields": {"tag": "React"}}, {"model": "blogs.tag", "pk": 47, "fields": {"tag": "백엔드"}}, {"model": "blogs.tag", "pk": 48, "fields": {"tag": "프론트엔드"}}, {"model": "blogs.tag", "pk": 49, "fields": {"tag": "AWS"}}, {"model": "blogs.tag", "pk": 50, "fields": {"tag": "Nginx"}}, {"model": "blogs.tag", "pk": 51, "fields": {"tag": "Apache"}}, {"model": "blogs.tag", "pk": 52, "fields": {"tag": "html"}}, {"model": "blogs.tag", "pk": 53, "fields": {"tag": "css"}}, {"model": "blogs.tag", "pk": 54, "fields": {"tag": "Javascript"}}, {"model": "blogs.tag", "pk": 55, "fields": {"tag": "REST API"}}, {"model": "blogs.tag", "pk": 56, "fields": {"tag": "JSON"}}, {"model": "blogs.tag", "pk": 57, "fields": {"tag": "Axios"}}, {"model": "blogs.tag", "pk": 58, "fields": {"tag": "Request&Response"}}, {"model": "blogs.tag", "pk": 59, "fields": {"tag": "Vue"}}, {"model": "blogs.tag", "pk": 60, "fields": {"tag": "React"}}, {"model": "blogs.tag", "pk": 61, "fields": {"tag": "talwind"}}, {"model": "blogs.tag", "pk": 62, "fields": {"tag": "인증"}}, {"model": "blogs.tag", "pk": 63, "fields": {"tag": "인가"}}, {"model": "blogs.tag", "pk": 64, "fields": {"tag": "Session & Cookie 인증"}}, {"model": "blogs.tag", "pk": 65, "fields": {"tag": "JWT"}}, {"model": "blogs.tag", "pk": 66, "fields": {"tag": "CORS"}}, {"model": "blogs.tag", "pk": 67, "fields": {"tag": "cat"}}, {"model": "blogs.tag", "pk": 68, "fields": {"tag": "태그"}}, {"model": "blogs.tag", "pk": 69, "fields": {"tag": "ㅎㅎ"}}, {"model": "blogs.tag", "pk": 70, "fields": {"tag": "#구인구직"}}, {"model": "blogs.tag", "pk": 71, "fields": {"tag": "야호"}}, {"model": "blogs.tag", "pk": 72, "fields": {"tag": "ㅁㄴㅇㅁㄴㅇ"}}, {"model": "blogs.tag", "pk": 73, "fields": {"tag": "asdas"}}, {"model": "blogs.tag", "pk": 74, "fields": {"tag": "it"}}, {"model": "blogs.tag", "pk": 75, "fields": {"tag": "정보원"}}, {"model": "blogs.tag", "pk": 76, "fields": {"tag": "통신매체"}}, {"model": "blogs.tag", "pk": 77, "fields": {"tag": "프로토콜"}}, {"model": "blogs.tag", "pk": 78, "fields": {"tag": "인터넷은 어떻게 동작해?"}}, {"model": "blogs.tag", "pk": 79, "fields": {"tag": "인터넷"}}, {"model": "blogs.tag", "pk": 80, "fields": {"tag": "인터넷 네트워크가 무엇일까?"}}, {"model": "blogs.tag", "pk": 81, "fields": {"tag": "tdd"}}, {"model": "blogs.tag", "pk": 82, "fields": {"tag": "개발"}}, {"model": "blogs.tag", "pk": 83, "fields": {"tag": "데이터 통신"}}, {"model": "blogs.tag", "pk": 84, "fields": {"tag": "도메인"}}, {"model": "blogs.tag", "pk": 85, "fields": {"tag": "싱글톤"}}, {"model": "blogs.tag", "pk": 86, "fields": {"tag": "디자인패턴"}}, {"model": "blogs.tag", "pk": 87, "fields": {"tag": "데이터베이스"}}, {"model": "blogs.tag", "pk": 88, "fields": {"tag": "네트워크"}}, {"model": "blogs.article", "pk": 1, "fields": {"user": 72, "title": "DNS란? (도메인 네임 시스템 개념부터 작동 방식까지)", "content": "# DNS(Domain Name Syetem)란?\r\n- 웹사이트에 접속 할 때 우리는 외우기 어려운 IP 주소 대신 도메인 이름을 사용한다.\r\n- 도메인 이름을 사용했을 때 입력한 도메인을 실제 네트워크상에서 사용하는 IP 주소로 바꾸고 해당 IP 주소로 접속하는 과정이 필요하다.\r\n- 이러한 과정, 전체 시스템을 DNS(도메인 네임 시스템)라고 한다.\r\n- 이러한 시스템은 전세계적으로 약속된 규칙을 공유한다.\r\n- 상위 기관에서 인증된 기관에게 도메인을 생성하거나 IP 주소로 변경할 수 있는 ‘권한’을 부여한다.\r\n- DNS는 이처럼 상위 기관과 하위 기관과 같은 ‘계층 구조’를 가지는 분산 데이터베이스 구조를 가진다.\r\n# DNS 구성 요소\r\n- DNS는 아래 세가지 요소로 구성되어있다.\r\n1. 도메인 네임 스페이스(Domain Name Space)\r\n2. 네임 서버(Name Server) = 권한 있는 DNS 서버\r\n3. 리졸버(Resolver) = 권한 없는 DNS 서버\r\n- 우선 “이 도메인 이름은 이 IP 주소이다”라는 ‘텍스트’를 저장하는 데이터베이스가 필요하다.\r\n- 그리고 분산된 데이터가 어디 저장되어 있는지 찾을 프로그램들이 필요하고 찾았으면 해당 IP 주소로 이동할 프로그램(브라우저 등)이 필요하다.\r\n- 도메인 네임 스페이스라는 규칙(방법)으로 도메인 이름 저장을 분산한다.\r\n- 네임 서버(DNS 서버와 같은 말, 그런데 리졸버 서버 등 시스템 안에서 다른 역할을 하는 서버도 있기에 그냥 DNS 서버라고 하는 것보다 네임 서버라고 하는게 더 의미가 전달되는 듯)가 해당 도메인 이름의 IP 주소를 찾는다.\r\n- 리졸버가 DNS 클라이언트 요청을 네임 서버로 전달하고 찾은 정보를 클라이언트에게 제공하는 기능을 수행한다.\r\n- 어떤 네임 서버에서 찾아야하는지, 이미 캐시 되어있는지 등 어떻게든 찾아서 클라이언트에게 찾았으면 찾은 것을 못 찾았으면 못 찾았다고 전달하는 역할을 한다.\r\n- 리졸버는 단말에 구현하는 것은 무리수라 보통은 리졸버가 구현된 네임 서버의 IP 주소만을 파악한다.\r\n- 대표적인 것이 KT/LG/SK와 같은 ISP(통신사) DNS 있고, 브라우저 우회 용도로 많이 쓰는 구글 DNS, 클라우드플레어와 같은 Public DNS 서버가 있다.\r\n- 그래서 거의 Resolver = Recursive DNS Server = Local Server(of ISP) = Recursor\r\n- 어떤 자료에서는 리졸버라는 요소를 생략하기도 하는 듯하다. 용어 때문에 허우적거렸는데 위와같이 정리하였다.", "created_at": "2023-02-16T08:26:35.999Z", "updated_at": "2023-02-16T15:30:41.112Z", "hit": 17, "overview": "이번 글에서는 이렇게 도메인 주소를 IP 주소로 변환할 수 있게 하는 인프라가 어떻게 구성 되어있고 실제로 어떤 기계들이 어떤 과정으로 동작 하는지 알아보겠습니다.", "thumbnail": "article/DNS-EB8F99EC9E91EAB3BCECA095_7ttFbME_1G7mx6H_Bejnb0a.png", "like_users": [77], "tags": []}}, {"model": "blogs.article", "pk": 3, "fields": {"user": 82, "title": "네트워크 (Network)", "content": "2. 네트워크 (Network)\r\n2-1. HTTP의 GET 과 POST 비교\r\n2-2. TCP 3-way-handshake\r\n2-3. TCP와 UDP의 비교\r\n2-4. HTTP와 HTTPS\r\n2-5. DNS Round Robin 방식\r\n2-6. 웹 통신의 큰 흐름\r\n2-5. DNS Round Robin 방식\r\n라운드 로빈 DNS는 별도의 로드밸런싱 장비를 사용하지 않고, DNS만을 이용하여 트래픽을 분산시키는 기법\r\n로드밸런싱, DNS, 트래픽???\r\n로드 밸런싱\r\nload balancing(부하분산)이란\r\n\r\n왜 이런 귀찮은 과정을 거쳐야 하는가?\r\n성능이 200이 필요한 서비스를 만드는데는 두가지 방법이 존재\r\n성능이 200인 서버를 산다\r\n성능이 10인 서버 20개를 사서 로드밸런싱 해준다\r\n근데 가격은?\r\n2000만원\r\n10만원 * 20 = 200만원\r\nDNS\r\nDNS, 그리고 동작 방식\r\n트래픽\r\n서비스에 몰리는 이용객(클라이언트)이 보내는 요청수\r\n다시 넘어와서, Round Robin DNS방식은 별도의 소프트웨어나 장비를 사용하지 않고 로드밸런싱의 역할을 수행하는 방법\r\n왜 사용하는데?\r\n개발에서 특정 하드웨어 또는 소프트웨어를 추가로 사용하는것은 곧 비용과 연결된다!!!!\r\n따라서, 적은 비용으로 구현이 필요할때, 또는 웹 서버가 멀리 떨어져 있어서 실시간으로 헬스체크가 어려울때 사용하는 방법이다.\r\n\r\n하지만, 이는 장정이자 단점이다. round robin의 가장 큰 장점은 실시간으로 헬스체크가 어렵다는것을 이용해서 간편하게 로드밸런싱과 비슷한 역할을 수행할 수 있다는 점이지만, 이것이 단점으로 작용하기도 한다.\r\n\r\n\r\n\r\n2-6. 웹 통신의 큰 흐름\r\n인터넷은 어떻게 동작하는가?\r\n인터넷은 웹의 핵심적인 기술이다. 인터넷의 가장 기본적인 목적은 컴퓨터들이 서로 통신 가능한 거대한 네트워크를 형성하는 것이다.\r\n\r\n인터넷의 역사는 자세히 알려지지 않았지만, 1960년대 한 연구로 군용으로 초기 개발 되었으며, 1980년이 지나면서 많은 지원이 들어오며 공공 기반의 서비스로 진화하게 되었다.\r\n\r\n몇 가지 예시를 살펴보면서 현재의 인터넷이 어째서 지금과 같은 형태를 이루게 되었을지에 대한 이해를 해보자.\r\n\r\n1. 단순한 네트워크\r\n\r\n\r\n- A 와 B라는 pc가 통신을 하기 위해서는 한 개의 통신 케이블이 필요하다.\r\n2. 다수의 네트워크\r\n\r\n\r\n- 그렇다면 위 사진과 같이 다수의 컴퓨터를 연결하는 경우에는 어떻게? - 필요한 케이블의 수가 기하급수적으로 늘어나기 시작한다. - 10대가 아닌 100대, 1000대의 pc를 연결하기 위해서는? 물리적으로 불가능할수도 있다.\r\n3. 라우터의 탄생\r\n이 문제를 해결하기 위해서 네트워크의 각 컴퓨터는 라우터라는 소형 컴퓨터에 연결하기 시작했다.\r\n라우터는 탄생은 프로토콜의 발전에 기여했으며, 컴퓨터에서 다른 컴퓨터로 보낸 메세지가 올바른 대상으로 도착하는지 확인하는 일종의 우체국과 같은 역할을 한다.\r\n\r\n\r\n아주 깔끔하게 변했을 뿐 아니라 비용적인 측면에서 아주 획기적으로 저렴해졌다. 하지만, 아직 문제는 끝나지 않았다.\r\n4. 네트워크 속의 네트워크\r\n라우터의 등장으로 케이블에 대한 제한은 해결되었다. 근데 라우터가 하나라면? 수천, 수백개의 케이블을 라우터에 연결할수는 없다. 라우터도 결국 pc 이기 때문이다.\r\n다시 과학자들은 과제가 생겼다. 그리고 해결책이 라우터와 라우터를 연결하는 방법이었다.\r\n\r\n\r\n이제 슬슬 인터넷과 비스무리한 규모의 네트워크가 탄생하게 된다. 하지만 아직 조금 부족하다.\r\n연결의 제약은 해결했지만, 거리적인 제약은 해결하지 못했기 때문이다.\r\n위와 같은 네트워크를 다른나라와 연결하기 위해서는 어떻게 해야할까?\r\n우리들의 집에는 전화를 통해 이미 전세계적으로 연결이 되어있다. 이 배선을 활용하자는것이 바로 아이디어였다.\r\n5. 모뎀의 등장\r\n따라서 우리는 모뎀이라는 특수 장비를 만들었다.\r\n모뎀의 역할은 네트워크 통신을 전화시설에서 처리할 수 있게 또는 그 반대의 역할을 해주는 것을 의미한다.\r\n\r\n\r\n6. ISP\r\n모뎀을 통해서 네트워크는 전화시설을 통해 통신할 수 있게 되었다.\r\n그렇다면 우리는 네트워크에서 도달하려는 네트워크로 메시지를 보낼 수 있을까? NO!!!\r\n그러기 위해서는 인터넷 서비스 제공업체(Internet Service Provider, IPS)에 연결해야 한다.\r\nISP의 역할은 라우터들을 관리하고 다른 위치의 라우터들과 연결하게 해주는 서비스를 제공하는 회사이다.\r\n대표적으로 SKT, KT, LGU\r\n\r\n\r\n7. 컴퓨터 찾기\r\n연결은 다됬는데 그럼 이제 통신을 어떻게 할까? 컴퓨터에 메시지를 보내려면 메시지를 받을 특정 컴퓨터를 지정해야 한다.\r\n이 특정 컴퓨터의 주소는 IP(Internet Protocol)라는 고유한 주소로 구분한다.\r\n점으로 구분된 4개의 숫자로 구성되어있다.\r\nIP주소만 있어도 다른 컴퓨터를 찾아가는데 아무런 문제가 없지만 주소의 이름은 사람이 읽기도, 외우기도 어렵다. 따라서 우리는 '도메인 이름'이라는 사람이 읽을 수 있는 IP주소의 별칭을 정해서 사용한다.\r\n\r\n도메인 주소: https://www.google.com\r\nIP 주소: 173.194.121.32(실제 구글의 주소는 아님. 해당 사이트에 IP주소를 확인하는 방법은 따로 있음) 위와 같이 두 주소를 통해 똑같은 사이트에 들어갈 수 있다면 IP주소보다는 도메인 이름이 사용성이 좋음", "created_at": "2023-02-16T08:30:46.797Z", "updated_at": "2023-02-16T08:46:18.973Z", "hit": 6, "overview": "2-1. HTTP의 GET 과 POST 비교\r\n2-2. TCP 3-way-handshake\r\n2-3. TCP와 UDP의 비교\r\n2-4. HTTP와 HTTPS\r\n2-5. DNS Round Robin 방식\r\n2-6. 웹 통신의 큰 흐름", "thumbnail": "article/aa.png", "like_users": [77], "tags": [1]}}, {"model": "blogs.article", "pk": 4, "fields": {"user": 81, "title": "도커와 젠킨스 이해하기", "content": "도커와 젠킨스 사이의 이해관계를 살펴보고 실습합니다", "created_at": "2023-02-16T08:32:03.652Z", "updated_at": "2023-02-16T08:32:03.660Z", "hit": 1, "overview": "도커와 젠킨스 사이의 이해관계를 살펴보고 실습합니다", "thumbnail": "article/image_1rXUCrW.png", "like_users": [], "tags": []}}, {"model": "blogs.article", "pk": 5, "fields": {"user": 72, "title": "개발자라면 알아야할 ...", "content": "# 0. 네트워크?\r\n컴퓨터 네트워크는 왜 생겼을까요? 데이터와 자원을 공유하기 위해서 입니다. 저는 회사 클라우드 서버를 관리하면서, 네트워크 용어와 개념들을 많이 접하게 됐습니다. 네트워크를 사용해 Azure 데이터 센터의 서버들을 사용할 수 있고, 또 사용자에게 저희 서비스를 제공해줄 수 있죠. 모든 전문직이 그렇듯, 사용하는 용어는 중요합니다. 가볍게 살피고 넘어가볼까요?\r\n\r\n- 컴퓨터 네트워크: 전송매체를 통해 서로 연결되어, 데이터 및 자원을 공유하고 교환하는 컴퓨터의 모음\r\n- 프로토콜: 정보 교환을 위해 필요한 통신 규약(약속)\r\n노드, 호스트, 클라이언트, 서버\r\n- 네트워크 인터페이스: 호스트와 컴퓨터 네트워크의 연결지점(NIC라고도 말함)\r\n- 전송 매체: 송신 측 호스트와 수신 측 호스트 사이를 상호 연결하는 물리적인 선로(유선, 무선, 링크)\r\n- 채널: 송신측에서 수신측으로 데이터를 전송하기 위해 사용하는, 다중화된 매체에서 하나의 논리적 연결(multi collection) ex) 라디오 채널\r\n\r\n# 1. 데이터 통신\r\n데이터 전송 방법\r\n데이터를 우리는 어떻게 주고 받게 되는 걸까요? 데이터 전송 방법은 다음과 같이 분류할 수 있습니다.\r\n\r\n- 병렬과 직렬\r\n- 비동기식과 동기식\r\n- [동기식 전송 종류: 바이트(문자) 기반과 비트기반]\r\n[비트 기반 전송 문제점 해결 방법: 비트 스터핑]\r\n- 단방향(Simplex), 반 이중(Half duplex), 전이중(Full duplex)", "created_at": "2023-02-16T08:32:27.627Z", "updated_at": "2023-02-16T08:50:41.108Z", "hit": 2, "overview": "이제 네트워크 공부를 시작한다면! [컴퓨터 네트워크(1/3)]", "thumbnail": "article/1_T734QxG9oaxeeX3lAUK2BA_SNFuTT5.png", "like_users": [], "tags": [1, 83]}}, {"model": "blogs.article", "pk": 6, "fields": {"user": 3, "title": "통신이란 ?", "content": "asdfasdfasdf", "created_at": "2023-02-16T08:34:09.531Z", "updated_at": "2023-02-16T08:38:27.987Z", "hit": 10, "overview": "통신이란 무엇인지 알아봅시다.", "thumbnail": "article/ED86B5EC8BA0_yRc6yas_VaD60F0_zQpL49l.png", "like_users": [], "tags": []}}, {"model": "blogs.article", "pk": 7, "fields": {"user": 81, "title": "자바스크립트 더 제대로!", "content": "모던 JS에 대한 학습을 진행하며 이해도를 높입니다", "created_at": "2023-02-16T08:34:15.258Z", "updated_at": "2023-02-16T08:35:35.179Z", "hit": 3, "overview": "모던 JS에 대한 학습을 진행하며 이해도를 높입니다", "thumbnail": "article/image_AnTjDXc.jpeg", "like_users": [], "tags": []}}, {"model": "blogs.article", "pk": 8, "fields": {"user": 77, "title": "싱글톤 패턴으로 커피!!", "content": "> \"오늘은 얼음 2개, 에스프레소 3샷이 들어간 핫 아메리카노를 카페에서 마셔야겠다\"\r\n\r\n하나의 메뉴를 주문하는데 다양한 옵션이 있다.\r\n예를 들어, 아메리카노 주문 시 아래와 같이 선택할 수 있다.\r\n\r\n1. 핫 / 아이스\r\n2. 매장 / 포장\r\n3. 수량\r\n4. 샷 개수\r\n5. 기타 옵션(시럽, 얼음, 물의 양...)\r\n\r\n위 선택지는 하나의 페이지(View)에서 선택할 수도 있고, UI, UX 를 위해 \r\n여러 페이지에서 선택할 수도 있다. 각각의 View에서 다양한 옵션을 선택한다고\r\n할 때, 기본적으로 \"아메리카노\" 라는 **하나의 메뉴(객체)**에 대해서 옵션을 \r\n추가(설정)해준다.\r\n\r\n이를 싱글톤(Singleton)이라고 한다.\r\n# Singleton Pattern 이란?\r\n \r\n\"전역에서 접근 가능한 **단 하나**의 객체를 구성하는 Design Pattern\"\r\n\r\n각각의 ViewController(VC) 에서 새로운 객체(인스턴스)를 생성하는 것이 아닌\r\n한 번의 호출로 생성된 한 개의 인스턴스에 대해서 각 VC 마다 Property 를 \r\n설정 또는 참조해서 문제를 해결하는 구조, 디자인 패턴이다.\r\n\r\n# 왜 Singleton Pattern 을 썼을까?\r\n\r\n아래 사진과 같이 앱 구조상 하나의 메뉴가 선택될 시 여러 VC 에서\r\n다양한 옵션이 추가될 수 있고 설정된 메뉴를 또 다른 VC 에서\r\n확인할 수 있게 해야하는데 이를 하나의 인스턴스를 통해서\r\n구조를 짜는 것이 효율적인 방안이라고 판단했다.\r\n\r\n![](https://media.vlpt.us/images/jaythomas/post/fb71182f-5e73-43cf-aca3-565152c384e0/APP%20Sturucture(%E1%84%89%E1%85%AE%E1%84%8C%E1%85%A5%E1%86%BC1).001.jpeg)\r\n\r\n\r\n\r\n\r\n\r\n# Code Structure\r\n\r\n## 0. MenuInfo Model\r\n- 카테고리별 메뉴 정의\r\n- 각 메뉴의 기본 옵션은 Dictionary 를 활용해 Array 에 추가\r\n- func setMenuOptionTappedMenuButton(menuName: String) { ... }\r\n함수로 MenuListView 에서 MenuButton Tapped 시 MenuInfo 인스턴스의 변수(name, price ...)에\r\n메뉴 연관값 할당\r\n\r\n```\r\nclass MenuInfo() {\r\n\r\n\t// static 키워드로 MenuInfo 인스턴스 상수shared 전역화\r\n\tstatic let shared = MenuInfo()\r\n    \r\n    // private 키워드로 다른 viewController 에서 추가적인 init 방지\r\n    private init() {\t}\r\n    ...\r\n  }\r\n```\r\n\r\n![](https://media.vlpt.us/images/jaythomas/post/7daf9b76-558a-4c2d-b7e5-0a2800838639/image.png)\r\n\r\n![](https://media.vlpt.us/images/jaythomas/post/d9739bb2-477a-40cd-806f-40a13eaf919d/image.png)\r\n\r\n\r\n## 1. MenuList\r\n\r\n- 메뉴 버튼클릭시 다음 ViewController 의 변수(Label,Image)에 클릭한 버튼의\r\n값 전달 후 present SelectOptionViewController\r\n\r\n\r\n\r\n![](https://media.vlpt.us/images/jaythomas/post/9a3c61fa-32c6-46a7-bc1a-f3c16acbd92d/image.png) \r\n\r\n\r\n## 2. Select Option\r\n- 매장/포장 & 핫/아이스 옵션 중 하나라도 선택이 안 되어있을 시 알람 발생\r\n- 필수 옵션이 선택되어 있을 시 옵션이 설정된 menuInstance 를 putMenuList 에 append\r\n(이는 PayViewTable 설정과 연관되어 있으므로 추후 TableView 작성 시 추가 설명 예정)\r\n\r\n\r\n![](https://media.vlpt.us/images/jaythomas/post/73c31690-ff1a-43c2-8193-756ad1dc0ff8/image.png)\r\n\r\n\r\n\r\n# Singleton 장점\r\n1. 메모리 효율\r\n- 각각의 ViewController 마다 최초로 생성된 인스턴스를 활용할 수 있기에\r\n추가적인 낭비를 방지할 수 있음\r\n\r\n2. 데이터 공유\r\n- 하나의 인스턴스에 대해 전역적으로 접근하여 이를 set&get 할 수 있음\r\n\r\n\r\n# Singleton 단점\r\n\r\n1.  OCP(Open Closed Principle) 개방-폐쇄 원칙을 위배할 수도 있음\r\n\r\n- OCP : \"Software Entity(class, module, function 등)이 extension 에는 개방되어있고,\r\nmodification 에는 폐쇄되어있어야함\r\n\r\n- 하나의 인스턴스가 너무 많은 일을 하거나 여러 클래스의 인스턴스와 결합이 되어 이후 유지보수 또는 확장 시 곤란해질 수도 있음", "created_at": "2023-02-16T08:35:28.483Z", "updated_at": "2023-02-16T08:48:17.706Z", "hit": 3, "overview": "싱글톤 패턴으로 커피 시켜먹기", "thumbnail": "article/ice_coffee_dpiCBEc_NT31L7g.png", "like_users": [], "tags": [1, 85]}}, {"model": "blogs.article", "pk": 9, "fields": {"user": 82, "title": "디자인패턴", "content": "ㄹㅇㄴㅁ", "created_at": "2023-02-16T08:35:32.020Z", "updated_at": "2023-02-16T15:30:43.162Z", "hit": 14, "overview": "디자인패턴이란?", "thumbnail": "article/ECBAA1ECB298_wbOh2Ne_1ovWcyw_0RWVv9F.PNG", "like_users": [], "tags": []}}, {"model": "blogs.article", "pk": 10, "fields": {"user": 81, "title": "필수 면접 질문에 대한 대비하기", "content": "절대 놓치지 않는 필수 질문들에 대한 대비를 해보세요", "created_at": "2023-02-16T08:36:03.091Z", "updated_at": "2023-02-16T15:30:45.175Z", "hit": 7, "overview": "절대 놓치지 않는 필수 질문들에 대한 대비를 해보세요", "thumbnail": "article/image2_tKt7vpY.jpg", "like_users": [], "tags": []}}, {"model": "blogs.article", "pk": 11, "fields": {"user": 3, "title": "What is Test Driven Development (TDD)?", "content": "What is Test Driven Development (TDD)?\r\nTest Driven Development (TDD) is software development approach in which test cases are developed to specify and validate what the code will do. In simple terms, test cases for each functionality are created and tested first and if the test fails then the new code is written in order to pass the test and making code simple and bug-free.\r\n\r\nTest-Driven Development starts with designing and developing tests for every small functionality of an application. TDD framework instructs developers to write new code only if an automated test has failed. This avoids duplication of code. The TDD full form is Test-driven development.", "created_at": "2023-02-16T08:37:24.659Z", "updated_at": "2023-02-16T08:37:29.442Z", "hit": 2, "overview": "Test Driven Development (TDD) is software development approach in which test cases are developed to specify and validate what the code will do.", "thumbnail": "article/tdd_VmQkgQs.jfif", "like_users": [], "tags": [81]}}, {"model": "blogs.article", "pk": 12, "fields": {"user": 81, "title": "SOP와 CORS 이해하기", "content": "# SOP, CORS 이해하기\r\n\r\n참고한 자료들은 다음과 같다(거의 대부분 엔조이 버그의 영상을 정리하였다):\r\n\r\n[SOP(Same Origin Policy)를 모르고 Web을 논하지 마라 / SOP가 없다면 어떻게 될까? / CORS](https://www.youtube.com/watch?v=6QV_JpabO7g&t=719s)\r\n\r\n[CORS(Cross-Origin Resource Sharing)이 나오게 된 배경 이야기](https://www.youtube.com/watch?v=yTzAjidyyqs)\r\n\r\n[CORS 우회를 위한 자바스크립트(POST) 실험](https://www.youtube.com/watch?v=5dm9sQ8MLqs&list=LL&index=4&t=13s)\r\n\r\n# SOP(Same Origin Policy) 이해하기\r\n\r\n- SOP에 대한 정의: **한 origin으로부터 로드된 document 또는 script(ex. 내가 만든 애플리케이션)가 다른 origin의 리소스(ex. 카카오 지도 API 서버)와 상호작용하는 방법을 제한하는 아주 중요한 보안 매커니즘이다**\r\n    \r\n    ![출처: MDN web docs](SOP,%20CORS%20%E1%84%8B%E1%85%B5%E1%84%92%E1%85%A2%E1%84%92%E1%85%A1%E1%84%80%E1%85%B5%20381b6eb9dcc04729b481dc8c4765be47/Untitled.png)\r\n    \r\n    출처: MDN web docs\r\n    \r\n- 브라우저를 통해 웹 사이트에 접속하면 해당 웹 사이트의 서버로부터 document를 하나 받게되고, 그 출처를 다음과 같이 콘솔 창에서 확인할 수 있다:\r\n    \r\n    ![Untitled](SOP,%20CORS%20%E1%84%8B%E1%85%B5%E1%84%92%E1%85%A2%E1%84%92%E1%85%A1%E1%84%80%E1%85%B5%20381b6eb9dcc04729b481dc8c4765be47/Untitled%201.png)\r\n    \r\n    **여기서 해당 document 내에서 외부 리소스와 상호작용을 할 때, document의 origin과 외부 리소스의 origin이 다르다면 어떤 제한을 두겠다는 것이 곧 SOP가 된다**\r\n    \r\n- 브라우저가 origin을 따질 때는 딱 세 가지만 본다:\r\n    \r\n    ![Untitled](SOP,%20CORS%20%E1%84%8B%E1%85%B5%E1%84%92%E1%85%A2%E1%84%92%E1%85%A1%E1%84%80%E1%85%B5%20381b6eb9dcc04729b481dc8c4765be47/Untitled%202.png)\r\n    \r\n    이 세가지가 같다면 브라우저는 동일 출처(origin)로 판단한다\r\n    \r\n- SOP가 적용되는 구체적인 예시는 다음과 같다:\r\n    - 로드된 도큐먼트(또는 스크립트) 파일에서 **출처가 다른 서버**에게 `XMLHttpRequest`와 같은 HTTP 요청 메소드를 사용하여 JSON 파일을 받아오려 한다. 이때는 SOP가 적용되어 JSON 파일을 읽어올 수 없다\r\n    - 로드된 도큐먼트(또는 스크립트) 파일에서 **출처가 다른 URL**을 `window.open()` 함수를 사용하여 열었다면 새로 열린 웹사이트의 document와 기존의 document 사이에는 SOP가 적용되어 극히 제한적인 객체에만 접근이 가능하다\r\n    - 로드된 도큐먼트(또는 스크립트) 파일에서 **출처가 다른 URL**을 `<iframe>` 태그를 사용하여 열었다면 SOP가 적용되어 `<iframe>` 태그 내부와 기존의 document 사이에는 극히 제한적인 객체에만 접근이 가능하다\r\n    - 로컬 스토리지, 세션 스토리지와 같은 웹 스토리지는 origin마다 하나씩 생성되므로 SOP가 적용되어 same-origin을 갖는 도큐먼트(또는 스크립트)만이 접근 가능하다\r\n- SOP가 없다면 다음과 같은 보안 위기 상황이 발생할 수 있다:\r\n    - **사례1. 객체에 대한 악의적인 접근)** 악성 메일의 링크가 클릭되었을 때, 해당 링크를 통해 악의적인 스크립트가 로드될 수 있다. 이때 그 스크립트는 **유저의 메일 내용을 읽어내어** 자신이 지정한 서버로 전송하여 메일 내용을 훔쳐볼 수 있다. 결과적으로 유저는 클릭 한 번만으로 메일의 내용이 유출될 수 있는 것이다 → SOP가 적용되어 있다면, 악성 스크립트는 **기존의 document에 접근할 수 없게 만드므로** 유저의 메일 내용을 볼 수 없게된다. 즉, 로드된 스크립트를 격리시켜버리는 것이다\r\n    - **사례2. 악의적인 HTTP 요청)** 마찬가지로 악성 메일의 링크를 통해 악의적인 HTTP 요청을 보내는 메소드가 로드되어 실행될 수 있다 → SOP가 적용되어 있다면, 브라우저는 동일 출처로 요청을 보내지 않았다는 사실을 깨닫고 서버가 보낸 응답을 읽지 않는다\r\n- Cross-origin간의 통신을 정리하자면 다음과 같다:\r\n    - Cross-origin write는 일반적으로 가능하다(단, preflight의 경우에는 불가능)\r\n    - Cross-origin embedding은 일반적으로 가능하다(embedding이란 태그를 삽입하는 것을 의미한다!). 즉, 태그를 삽입하여 실행하는 것까지는 허용해준다는 것이다\r\n        - `<script src=””>…</script>`\r\n        - `<link rel=”stylesheet” href=”…”>`\r\n        - `<img>`, `<video>`, `<audio>`\r\n        - `<iframe>`\r\n        - …\r\n    - Cross-origin reads는 일반적으로 불가능하다\r\n        \r\n        **(매우중요)결론**: 다른 사이트로부터 어떤 도큐먼트나 스크립트를 embedding하는 것은 가능하고, embedding된 것이 본인 외부의 리소스에 요청하여 값을 write하는 것은 가능하다. 하지만 응답으로 온 값을 읽어오는 것은 불가능하다!(읽어서 헛짓거리를 할 수 있으므로)\r\n        \r\n        **의문)** write를 허용하는 것도 위험한 것 아닌가?? → 이러한 점을 이용해서 CSRF 공격이 가능하다. 이 부분은 별도의 아티클을 작성할 예정\r\n        \r\n- Cross-origin간의 통신이 필요할 때는 다음의 방법을 사용할 수 있다:\r\n    - JSONP → 이 방법을 통해 cross-origin 통신을 하면 해당 API는 모든 origin을 대상으로 SOP 정책을 다 열어놓으므로 위험하다. 그래서 JSONP 응답에 민감한 정보가 들어있다면 충분히 유출될 수 있다\r\n    - CORS → **(서버쪽에서)허용할 origin만을 Access-Control-Allow-Origin에 추가함**\r\n\r\n# CORS 이해하기\r\n\r\n- 과거엔 출처가 다른 곳에서 요청을 보내는 것은 정상적이지 않은 요청(해킹으로 의심)으로 간주하여 무조건적으로 차단하였다\r\n- 하지만 웹 서비스가 어플리케이션 수준으로 발전하고 API 요청&응답에 따른 서비스를 제공함에 따라 이러한 차단에 예외 상황을 둘 필요가 생기게 되었다\r\n- 즉, SOP 위반에 대한 예외 상황이 곧 CORS 정책인 것이다\r\n- 예외 상황을 적용하기 위해서는 서버 쪽에서 **Access-Control-Allow-Origin(줄여서 ACAO라고도 함) 값을 헤더에 담아야 하고 && 해당 값과 요청을 보낸 출처가 일치 해야만** 브라우저는 CORS 에러를 발생시키지 않는다(=CORS 에러 해결의 근본적인 방법)\r\n- CORS는 브라우저 프로그램이 가지고 있는 보안 정책이다. 그러므로 서버간의 통신에는 CORS는 고려 대상이 아니다(이러한 점을 응용하여 Proxy 서버를 통한 CORS 에러 해결이 가능하다)\r\n- 다음과 같은 시나리오로 정리할 수 있다:\r\n    1. 내가 만든 웹 애플리케이션을 로컬 서버 위에서 실행한다(애플리케이션의 출처는 https://localhost:3000이라 가정)\r\n    2. 이때 해당 애플리케이션이 Gmail API를 통해 메일 정보를 요청하였다\r\n    3. 요청을 받은 Google 서버는 정상적으로 처리하여 응답을 보낸다. 이때 서버는 Access-Control-Allow-Origin 값을 헤더에 담을 수 있다:\r\n        1. **ACAO 값이 없거나 해당 값과 애플리케이션의 출처가 일치하지 않다면**: 브라우저는 요청을 보낸 출처(https://localhost:3000)와 응답을 보낸 출처(Google의 서버)가 다른 것을 깨닫고 이 정보를 지워버린다(=read 하지 않는 것). 그리고 이러한 동작을 흔히들 CORS 에러(=SOP 정책 위반)라 부른다\r\n        2. **ACAO 값과 애플리케이션의 출처가 일치한다면**: CORS 에러를 발생시키지 않고 요청을 정상적으로 처리한다\r\n- 이러한 CORS 에러를 발생시키는 이유는?? → 어쩌면 해당 요청이 해커가 심어놓은 악성 스크립트에 의한 요청일 수 있기 때문에 제한하는 것이다(SOP 정책을 따르는 것):\r\n    - 만일 악성 코드가 메일 전부를 읽어오는 요청을 보내고, **이를 그대로 읽어올 수 있도록 허용한다면** 누군가의 메일을 모두 염탐할 수 있게 된다\r\n    - 브라우저는 이러한 사고를 방지하기 위해 **한 origin으로부터 로드된 document 또는 script가 다른 origin의 리소스와 상호작용 하는것을 제한**한다(다시 한번 SOP 개념이 등장)\r\n- CORS가 발생할 수 있는 세 가지 시나리오는 다음과 같다:\r\n    - Simple requests\r\n    - Preflighted requests\r\n    - Requests with creadentials\r\n    \r\n    (각 시나리오에 대한 테스트 코드를 작성하며 실험해야만 한다)", "created_at": "2023-02-16T08:40:28.234Z", "updated_at": "2023-02-16T08:40:53.900Z", "hit": 3, "overview": "한 origin으로부터 로드된 document 또는 script(ex. 내가 만든 애플리케이션)가 다른 origin의 리소스(ex. 카카오 지도 API 서버)와 상호작용하는 방법을 제한하는 아주 중요한 보안 매커니즘이다", "thumbnail": "article/0_zb0GzPvxSsnwuBOu_Kuw2OA8.png", "like_users": [], "tags": []}}, {"model": "blogs.article", "pk": 13, "fields": {"user": 72, "title": "[기초 공부] 네트워크 정리", "content": "# OSI 7계층\r\n- 컴퓨터 네트워크 프로토콜 디자인과 통신을 계층으로 표현한 모델\r\n\r\n- 통신 과정을 개념적으로 나누면 문제 해결 시 특정 부분에 집중할 수 있음\r\n- 노드(Node): 로컬 네트워크에 연결된 컴퓨터나 장비들 (MAC 주소로 구분)\r\n- 호스트(Host): 네트워크에 연결된 컴퓨터나 장치들 (IP 주소로 구분)\r\n- 포트(Port): 호스트의 운영 체제에서 네트워크 통신을 하고 있는 프로세스를 식별하기 위해 사용하는 값 (포트 번호로 구분)\r\n\r\n# 소켓(Socket)\r\n- 프로세스가 네트워크 통신을 위해 생성하는 창구 (통신 프로토콜 + IP 주소 + 포트 번호로 구분)\r\n\r\n- 일반적으로 서버는 정해진 특정 포트 값을 사용하고, 클라이언트는 무작위 포트 값을 사용하여 통신함\r\n- 이때 서버에서는 통신 하나에 소켓을 하나씩 생성하여 가짐 (socket() 시 포트 점유, accept() 시 소켓 생성)\r\n- 따라서 서버는 동일 포트로 여러 소켓을 가짐\r\n- 서버의 최대 접속 가능 수는 이론적으로 무한함 (클라이언트의 주소로 소켓을 식별할 수 있으므로!)\r\n# TCP\r\n- 전송 제어 프로토콜: 안정적인 통신을 제공하는 프로토콜\r\n\r\n- 3계층의 IP를 기반으로 함 (따라서 TCP/IP라고 많이 부름)\r\n- 연결 지향적임 (연속적인 데이터 전달을 위해 서버와 클라이언트 간 연결을 맺음)\r\n- 통신의 신뢰성을 보장함 (reliable)\r\n- 데이터 전송 순서 보장 (in-order)\r\n- 유실된 패킷 재전송(retransmit)\r\n- 흐름 제어(Flow control): 송신자가 데이터를 지나치게 빨리 보내지 않도록 조절\r\n- 혼잡 제어(Congestion control): 혼잡 상태를 파악하고 패킷 전송량을 조절\r\n- 사용 예시: FTP, SSH, SMTP, HTTP", "created_at": "2023-02-16T08:40:40.828Z", "updated_at": "2023-02-16T15:30:46.463Z", "hit": 5, "overview": "OSI 7계층, 소켓(Socket), TCP, UDP, DNS, DNS 쿼리 예시에 대해서 배워봅시다", "thumbnail": "article/images_woodyn1002_post_b0f88888-5abc-484e-b0dd-2a892f0d338a_image_ScND7vP.png", "like_users": [], "tags": [1, 88]}}, {"model": "blogs.comment", "pk": 1, "fields": {"article": 1, "user": 77, "parent_comment": null, "content": "와 정보 감사합니다!", "created_at": "2023-02-16T08:44:28.790Z", "updated_at": "2023-02-16T08:44:28.790Z", "is_secret": false, "like_users": []}}, {"model": "blogs.comment", "pk": 2, "fields": {"article": 1, "user": 77, "parent_comment": null, "content": "웹사이트에 접속 할 때 우리는 외우기 어려운 IP 주소 대신 도메인 이름을 사용한다.  도메인 이름을 사용했을 때 입력한 도메인을 실제 네트워크상에서 사용하는 IP 주소로 바꾸고 해당 IP 주소로 접속하는 과정이 필요하다.  이러한 과정, 전체 시스템을 DNS(도메인 네임 시스템)라고 한다.  이러한 시스템은 전세계적으로 약속된 규칙을 공유한다.  상위 기관에서 인증된 기관에게 도메인을 생성하거나 IP 주소로 변경할 수 있는 ‘권한’을 부여한다.  DNS는 이처럼 상위 기관과 하위 기관과 같은 ‘계층 구조’를 가지는 분산 데이터베이스 구조를 가진다 - 기록 완료!", "created_at": "2023-02-16T08:44:41.324Z", "updated_at": "2023-02-16T08:44:41.324Z", "is_secret": false, "like_users": []}}, {"model": "blogs.comment", "pk": 3, "fields": {"article": 3, "user": 77, "parent_comment": null, "content": "감사합니다!_!", "created_at": "2023-02-16T08:46:26.660Z", "updated_at": "2023-02-16T08:46:26.660Z", "is_secret": false, "like_users": []}}, {"model": "sites.site", "pk": 1, "fields": {"domain": "example.com", "name": "example.com"}}, {"model": "admin.logentry", "pk": 1, "fields": {"action_time": "2023-02-16T08:49:07.574Z", "user": 3, "content_type": 9, "object_id": "5", "object_repr": "Article object (5)", "action_flag": 2, "change_message": "[{\"changed\": {\"fields\": [\"Title\"]}}]"}}, {"model": "admin.logentry", "pk": 2, "fields": {"action_time": "2023-02-16T08:49:32.952Z", "user": 3, "content_type": 9, "object_id": "5", "object_repr": "Article object (5)", "action_flag": 2, "change_message": "[{\"changed\": {\"fields\": [\"Title\"]}}]"}}, {"model": "admin.logentry", "pk": 3, "fields": {"action_time": "2023-02-16T08:50:03.558Z", "user": 3, "content_type": 2, "object_id": "21", "object_repr": "Node object (21)", "action_flag": 2, "change_message": "[{\"changed\": {\"fields\": [\"Completion\"]}}]"}}, {"model": "admin.logentry", "pk": 4, "fields": {"action_time": "2023-02-16T08:50:41.112Z", "user": 3, "content_type": 9, "object_id": "5", "object_repr": "Article object (5)", "action_flag": 2, "change_message": "[{\"changed\": {\"fields\": [\"Title\"]}}]"}}, {"model": "auth.permission", "pk": 1, "fields": {"name": "Can add user", "content_type": 1, "codename": "add_user"}}, {"model": "auth.permission", "pk": 2, "fields": {"name": "Can change user", "content_type": 1, "codename": "change_user"}}, {"model": "auth.permission", "pk": 3, "fields": {"name": "Can delete user", "content_type": 1, "codename": "delete_user"}}, {"model": "auth.permission", "pk": 4, "fields": {"name": "Can view user", "content_type": 1, "codename": "view_user"}}, {"model": "auth.permission", "pk": 5, "fields": {"name": "Can add node", "content_type": 2, "codename": "add_node"}}, {"model": "auth.permission", "pk": 6, "fields": {"name": "Can change node", "content_type": 2, "codename": "change_node"}}, {"model": "auth.permission", "pk": 7, "fields": {"name": "Can delete node", "content_type": 2, "codename": "delete_node"}}, {"model": "auth.permission", "pk": 8, "fields": {"name": "Can view node", "content_type": 2, "codename": "view_node"}}, {"model": "auth.permission", "pk": 9, "fields": {"name": "Can add role", "content_type": 3, "codename": "add_role"}}, {"model": "auth.permission", "pk": 10, "fields": {"name": "Can change role", "content_type": 3, "codename": "change_role"}}, {"model": "auth.permission", "pk": 11, "fields": {"name": "Can delete role", "content_type": 3, "codename": "delete_role"}}, {"model": "auth.permission", "pk": 12, "fields": {"name": "Can view role", "content_type": 3, "codename": "view_role"}}, {"model": "auth.permission", "pk": 13, "fields": {"name": "Can add track", "content_type": 4, "codename": "add_track"}}, {"model": "auth.permission", "pk": 14, "fields": {"name": "Can change track", "content_type": 4, "codename": "change_track"}}, {"model": "auth.permission", "pk": 15, "fields": {"name": "Can delete track", "content_type": 4, "codename": "delete_track"}}, {"model": "auth.permission", "pk": 16, "fields": {"name": "Can view track", "content_type": 4, "codename": "view_track"}}, {"model": "auth.permission", "pk": 17, "fields": {"name": "Can add situation", "content_type": 5, "codename": "add_situation"}}, {"model": "auth.permission", "pk": 18, "fields": {"name": "Can change situation", "content_type": 5, "codename": "change_situation"}}, {"model": "auth.permission", "pk": 19, "fields": {"name": "Can delete situation", "content_type": 5, "codename": "delete_situation"}}, {"model": "auth.permission", "pk": 20, "fields": {"name": "Can view situation", "content_type": 5, "codename": "view_situation"}}, {"model": "auth.permission", "pk": 21, "fields": {"name": "Can add review", "content_type": 6, "codename": "add_review"}}, {"model": "auth.permission", "pk": 22, "fields": {"name": "Can change review", "content_type": 6, "codename": "change_review"}}, {"model": "auth.permission", "pk": 23, "fields": {"name": "Can delete review", "content_type": 6, "codename": "delete_review"}}, {"model": "auth.permission", "pk": 24, "fields": {"name": "Can view review", "content_type": 6, "codename": "view_review"}}, {"model": "auth.permission", "pk": 25, "fields": {"name": "Can add recommend content", "content_type": 7, "codename": "add_recommendcontent"}}, {"model": "auth.permission", "pk": 26, "fields": {"name": "Can change recommend content", "content_type": 7, "codename": "change_recommendcontent"}}, {"model": "auth.permission", "pk": 27, "fields": {"name": "Can delete recommend content", "content_type": 7, "codename": "delete_recommendcontent"}}, {"model": "auth.permission", "pk": 28, "fields": {"name": "Can view recommend content", "content_type": 7, "codename": "view_recommendcontent"}}, {"model": "auth.permission", "pk": 29, "fields": {"name": "Can add interview", "content_type": 8, "codename": "add_interview"}}, {"model": "auth.permission", "pk": 30, "fields": {"name": "Can change interview", "content_type": 8, "codename": "change_interview"}}, {"model": "auth.permission", "pk": 31, "fields": {"name": "Can delete interview", "content_type": 8, "codename": "delete_interview"}}, {"model": "auth.permission", "pk": 32, "fields": {"name": "Can view interview", "content_type": 8, "codename": "view_interview"}}, {"model": "auth.permission", "pk": 33, "fields": {"name": "Can add article", "content_type": 9, "codename": "add_article"}}, {"model": "auth.permission", "pk": 34, "fields": {"name": "Can change article", "content_type": 9, "codename": "change_article"}}, {"model": "auth.permission", "pk": 35, "fields": {"name": "Can delete article", "content_type": 9, "codename": "delete_article"}}, {"model": "auth.permission", "pk": 36, "fields": {"name": "Can view article", "content_type": 9, "codename": "view_article"}}, {"model": "auth.permission", "pk": 37, "fields": {"name": "Can add article temp image", "content_type": 10, "codename": "add_articletempimage"}}, {"model": "auth.permission", "pk": 38, "fields": {"name": "Can change article temp image", "content_type": 10, "codename": "change_articletempimage"}}, {"model": "auth.permission", "pk": 39, "fields": {"name": "Can delete article temp image", "content_type": 10, "codename": "delete_articletempimage"}}, {"model": "auth.permission", "pk": 40, "fields": {"name": "Can view article temp image", "content_type": 10, "codename": "view_articletempimage"}}, {"model": "auth.permission", "pk": 41, "fields": {"name": "Can add tag", "content_type": 11, "codename": "add_tag"}}, {"model": "auth.permission", "pk": 42, "fields": {"name": "Can change tag", "content_type": 11, "codename": "change_tag"}}, {"model": "auth.permission", "pk": 43, "fields": {"name": "Can delete tag", "content_type": 11, "codename": "delete_tag"}}, {"model": "auth.permission", "pk": 44, "fields": {"name": "Can view tag", "content_type": 11, "codename": "view_tag"}}, {"model": "auth.permission", "pk": 45, "fields": {"name": "Can add comment", "content_type": 12, "codename": "add_comment"}}, {"model": "auth.permission", "pk": 46, "fields": {"name": "Can change comment", "content_type": 12, "codename": "change_comment"}}, {"model": "auth.permission", "pk": 47, "fields": {"name": "Can delete comment", "content_type": 12, "codename": "delete_comment"}}, {"model": "auth.permission", "pk": 48, "fields": {"name": "Can view comment", "content_type": 12, "codename": "view_comment"}}, {"model": "auth.permission", "pk": 49, "fields": {"name": "Can add article image", "content_type": 13, "codename": "add_articleimage"}}, {"model": "auth.permission", "pk": 50, "fields": {"name": "Can change article image", "content_type": 13, "codename": "change_articleimage"}}, {"model": "auth.permission", "pk": 51, "fields": {"name": "Can delete article image", "content_type": 13, "codename": "delete_articleimage"}}, {"model": "auth.permission", "pk": 52, "fields": {"name": "Can view article image", "content_type": 13, "codename": "view_articleimage"}}, {"model": "auth.permission", "pk": 53, "fields": {"name": "Can add Token", "content_type": 14, "codename": "add_token"}}, {"model": "auth.permission", "pk": 54, "fields": {"name": "Can change Token", "content_type": 14, "codename": "change_token"}}, {"model": "auth.permission", "pk": 55, "fields": {"name": "Can delete Token", "content_type": 14, "codename": "delete_token"}}, {"model": "auth.permission", "pk": 56, "fields": {"name": "Can view Token", "content_type": 14, "codename": "view_token"}}, {"model": "auth.permission", "pk": 57, "fields": {"name": "Can add token", "content_type": 15, "codename": "add_tokenproxy"}}, {"model": "auth.permission", "pk": 58, "fields": {"name": "Can change token", "content_type": 15, "codename": "change_tokenproxy"}}, {"model": "auth.permission", "pk": 59, "fields": {"name": "Can delete token", "content_type": 15, "codename": "delete_tokenproxy"}}, {"model": "auth.permission", "pk": 60, "fields": {"name": "Can view token", "content_type": 15, "codename": "view_tokenproxy"}}, {"model": "auth.permission", "pk": 61, "fields": {"name": "Can add site", "content_type": 16, "codename": "add_site"}}, {"model": "auth.permission", "pk": 62, "fields": {"name": "Can change site", "content_type": 16, "codename": "change_site"}}, {"model": "auth.permission", "pk": 63, "fields": {"name": "Can delete site", "content_type": 16, "codename": "delete_site"}}, {"model": "auth.permission", "pk": 64, "fields": {"name": "Can view site", "content_type": 16, "codename": "view_site"}}, {"model": "auth.permission", "pk": 65, "fields": {"name": "Can add email address", "content_type": 17, "codename": "add_emailaddress"}}, {"model": "auth.permission", "pk": 66, "fields": {"name": "Can change email address", "content_type": 17, "codename": "change_emailaddress"}}, {"model": "auth.permission", "pk": 67, "fields": {"name": "Can delete email address", "content_type": 17, "codename": "delete_emailaddress"}}, {"model": "auth.permission", "pk": 68, "fields": {"name": "Can view email address", "content_type": 17, "codename": "view_emailaddress"}}, {"model": "auth.permission", "pk": 69, "fields": {"name": "Can add email confirmation", "content_type": 18, "codename": "add_emailconfirmation"}}, {"model": "auth.permission", "pk": 70, "fields": {"name": "Can change email confirmation", "content_type": 18, "codename": "change_emailconfirmation"}}, {"model": "auth.permission", "pk": 71, "fields": {"name": "Can delete email confirmation", "content_type": 18, "codename": "delete_emailconfirmation"}}, {"model": "auth.permission", "pk": 72, "fields": {"name": "Can view email confirmation", "content_type": 18, "codename": "view_emailconfirmation"}}, {"model": "auth.permission", "pk": 73, "fields": {"name": "Can add social account", "content_type": 19, "codename": "add_socialaccount"}}, {"model": "auth.permission", "pk": 74, "fields": {"name": "Can change social account", "content_type": 19, "codename": "change_socialaccount"}}, {"model": "auth.permission", "pk": 75, "fields": {"name": "Can delete social account", "content_type": 19, "codename": "delete_socialaccount"}}, {"model": "auth.permission", "pk": 76, "fields": {"name": "Can view social account", "content_type": 19, "codename": "view_socialaccount"}}, {"model": "auth.permission", "pk": 77, "fields": {"name": "Can add social application", "content_type": 20, "codename": "add_socialapp"}}, {"model": "auth.permission", "pk": 78, "fields": {"name": "Can change social application", "content_type": 20, "codename": "change_socialapp"}}, {"model": "auth.permission", "pk": 79, "fields": {"name": "Can delete social application", "content_type": 20, "codename": "delete_socialapp"}}, {"model": "auth.permission", "pk": 80, "fields": {"name": "Can view social application", "content_type": 20, "codename": "view_socialapp"}}, {"model": "auth.permission", "pk": 81, "fields": {"name": "Can add social application token", "content_type": 21, "codename": "add_socialtoken"}}, {"model": "auth.permission", "pk": 82, "fields": {"name": "Can change social application token", "content_type": 21, "codename": "change_socialtoken"}}, {"model": "auth.permission", "pk": 83, "fields": {"name": "Can delete social application token", "content_type": 21, "codename": "delete_socialtoken"}}, {"model": "auth.permission", "pk": 84, "fields": {"name": "Can view social application token", "content_type": 21, "codename": "view_socialtoken"}}, {"model": "auth.permission", "pk": 85, "fields": {"name": "Can add log entry", "content_type": 22, "codename": "add_logentry"}}, {"model": "auth.permission", "pk": 86, "fields": {"name": "Can change log entry", "content_type": 22, "codename": "change_logentry"}}, {"model": "auth.permission", "pk": 87, "fields": {"name": "Can delete log entry", "content_type": 22, "codename": "delete_logentry"}}, {"model": "auth.permission", "pk": 88, "fields": {"name": "Can view log entry", "content_type": 22, "codename": "view_logentry"}}, {"model": "auth.permission", "pk": 89, "fields": {"name": "Can add permission", "content_type": 23, "codename": "add_permission"}}, {"model": "auth.permission", "pk": 90, "fields": {"name": "Can change permission", "content_type": 23, "codename": "change_permission"}}, {"model": "auth.permission", "pk": 91, "fields": {"name": "Can delete permission", "content_type": 23, "codename": "delete_permission"}}, {"model": "auth.permission", "pk": 92, "fields": {"name": "Can view permission", "content_type": 23, "codename": "view_permission"}}, {"model": "auth.permission", "pk": 93, "fields": {"name": "Can add group", "content_type": 24, "codename": "add_group"}}, {"model": "auth.permission", "pk": 94, "fields": {"name": "Can change group", "content_type": 24, "codename": "change_group"}}, {"model": "auth.permission", "pk": 95, "fields": {"name": "Can delete group", "content_type": 24, "codename": "delete_group"}}, {"model": "auth.permission", "pk": 96, "fields": {"name": "Can view group", "content_type": 24, "codename": "view_group"}}, {"model": "auth.permission", "pk": 97, "fields": {"name": "Can add content type", "content_type": 25, "codename": "add_contenttype"}}, {"model": "auth.permission", "pk": 98, "fields": {"name": "Can change content type", "content_type": 25, "codename": "change_contenttype"}}, {"model": "auth.permission", "pk": 99, "fields": {"name": "Can delete content type", "content_type": 25, "codename": "delete_contenttype"}}, {"model": "auth.permission", "pk": 100, "fields": {"name": "Can view content type", "content_type": 25, "codename": "view_contenttype"}}, {"model": "auth.permission", "pk": 101, "fields": {"name": "Can add session", "content_type": 26, "codename": "add_session"}}, {"model": "auth.permission", "pk": 102, "fields": {"name": "Can change session", "content_type": 26, "codename": "change_session"}}, {"model": "auth.permission", "pk": 103, "fields": {"name": "Can delete session", "content_type": 26, "codename": "delete_session"}}, {"model": "auth.permission", "pk": 104, "fields": {"name": "Can view session", "content_type": 26, "codename": "view_session"}}, {"model": "contenttypes.contenttype", "pk": 1, "fields": {"app_label": "accounts", "model": "user"}}, {"model": "contenttypes.contenttype", "pk": 2, "fields": {"app_label": "roadmaps", "model": "node"}}, {"model": "contenttypes.contenttype", "pk": 3, "fields": {"app_label": "roadmaps", "model": "role"}}, {"model": "contenttypes.contenttype", "pk": 4, "fields": {"app_label": "roadmaps", "model": "track"}}, {"model": "contenttypes.contenttype", "pk": 5, "fields": {"app_label": "roadmaps", "model": "situation"}}, {"model": "contenttypes.contenttype", "pk": 6, "fields": {"app_label": "roadmaps", "model": "review"}}, {"model": "contenttypes.contenttype", "pk": 7, "fields": {"app_label": "roadmaps", "model": "recommendcontent"}}, {"model": "contenttypes.contenttype", "pk": 8, "fields": {"app_label": "roadmaps", "model": "interview"}}, {"model": "contenttypes.contenttype", "pk": 9, "fields": {"app_label": "blogs", "model": "article"}}, {"model": "contenttypes.contenttype", "pk": 10, "fields": {"app_label": "blogs", "model": "articletempimage"}}, {"model": "contenttypes.contenttype", "pk": 11, "fields": {"app_label": "blogs", "model": "tag"}}, {"model": "contenttypes.contenttype", "pk": 12, "fields": {"app_label": "blogs", "model": "comment"}}, {"model": "contenttypes.contenttype", "pk": 13, "fields": {"app_label": "blogs", "model": "articleimage"}}, {"model": "contenttypes.contenttype", "pk": 14, "fields": {"app_label": "authtoken", "model": "token"}}, {"model": "contenttypes.contenttype", "pk": 15, "fields": {"app_label": "authtoken", "model": "tokenproxy"}}, {"model": "contenttypes.contenttype", "pk": 16, "fields": {"app_label": "sites", "model": "site"}}, {"model": "contenttypes.contenttype", "pk": 17, "fields": {"app_label": "account", "model": "emailaddress"}}, {"model": "contenttypes.contenttype", "pk": 18, "fields": {"app_label": "account", "model": "emailconfirmation"}}, {"model": "contenttypes.contenttype", "pk": 19, "fields": {"app_label": "socialaccount", "model": "socialaccount"}}, {"model": "contenttypes.contenttype", "pk": 20, "fields": {"app_label": "socialaccount", "model": "socialapp"}}, {"model": "contenttypes.contenttype", "pk": 21, "fields": {"app_label": "socialaccount", "model": "socialtoken"}}, {"model": "contenttypes.contenttype", "pk": 22, "fields": {"app_label": "admin", "model": "logentry"}}, {"model": "contenttypes.contenttype", "pk": 23, "fields": {"app_label": "auth", "model": "permission"}}, {"model": "contenttypes.contenttype", "pk": 24, "fields": {"app_label": "auth", "model": "group"}}, {"model": "contenttypes.contenttype", "pk": 25, "fields": {"app_label": "contenttypes", "model": "contenttype"}}, {"model": "contenttypes.contenttype", "pk": 26, "fields": {"app_label": "sessions", "model": "session"}}, {"model": "sessions.session", "pk": "1sezgwsiwocb01c4zpnnizueoftpdvaj", "fields": {"session_data": ".eJxVjkEOgjAURO_StWnaAh9w6Z4zNL-_U0ENJBRWxrtbEha6nTdvMm_led9Gv2esforqqmqnLr9hYHliPkh88HxftCzztk5BHxV90qyHJeJ1O7t_AyPnsdg2dkxEBgEwVUBKEgSNqTv0UVwlDGMjA0yJatdQ1QoVw7auDX159fkCQfc48A:1pSZtT:hrZWtuqMszaQpA4VcG9Z157t0dvUf-alRTK7ZhbMnBc", "expire_date": "2023-03-02T08:45:31.136Z"}}, {"model": "sessions.session", "pk": "95940mou1dsru2vm7rq5zrfmi3zua2cn", "fields": {"session_data": ".eJxVjEEOwiAQRe_C2pDSCQIu3XsGMswMUjWQlHbVeHdt0oVu_3vvbyriupS4dpnjxOqiQJ1-t4T0lLoDfmC9N02tLvOU9K7og3Z9ayyv6-H-HRTs5Vub8WwHDjZlAygeAg_ELngC9N6glZAos3U-IOLIACSE4qz4TGCDUe8P70M4pA:1pSZby:EY5I7mK25Qz2Gi1oTxUxWm5C58DpvUf5tbXE1Omx8eE", "expire_date": "2023-03-02T08:27:26.317Z"}}, {"model": "sessions.session", "pk": "9g76qoisyhiwaz50wxng13g006zszknv", "fields": {"session_data": ".eJxVjEEOwiAQRe_C2pDSCQIu3XsGMswMUjWQlHbVeHdt0oVu_3vvbyriupS4dpnjxOqiQJ1-t4T0lLoDfmC9N02tLvOU9K7og3Z9ayyv6-H-HRTs5Vub8WwHDjZlAygeAg_ELngC9N6glZAos3U-IOLIACSE4qz4TGCDUe8P70M4pA:1pSZby:EY5I7mK25Qz2Gi1oTxUxWm5C58DpvUf5tbXE1Omx8eE", "expire_date": "2023-03-02T08:27:26.555Z"}}, {"model": "sessions.session", "pk": "9wrrjbxp1w59xpmplr8s2c5ytcuw39gg", "fields": {"session_data": ".eJxVjEEOwiAQRe_C2pDSCQIu3XsGMswMUjWQlHbVeHdt0oVu_3vvbyriupS4dpnjxOqiQJ1-t4T0lLoDfmC9N02tLvOU9K7og3Z9ayyv6-H-HRTs5Vub8WwHDjZlAygeAg_ELngC9N6glZAos3U-IOLIACSE4qz4TGCDUe8P70M4pA:1pSZwf:p5kPszODX4RXvSlC3QGwukn_G7JFmrmQ65nngbKNltg", "expire_date": "2023-03-02T08:48:49.434Z"}}]
